labels,source,path
neutral,RAVDESS,data/RAVDESS/Actor_01/03-01-01-01-01-01-01.wav
neutral,RAVDESS,data/RAVDESS/Actor_01/03-01-01-01-01-02-01.wav
neutral,RAVDESS,data/RAVDESS/Actor_01/03-01-01-01-02-01-01.wav
neutral,RAVDESS,data/RAVDESS/Actor_01/03-01-01-01-02-02-01.wav
positive,RAVDESS,data/RAVDESS/Actor_01/03-01-02-01-01-01-01.wav
positive,RAVDESS,data/RAVDESS/Actor_01/03-01-02-01-01-02-01.wav
positive,RAVDESS,data/RAVDESS/Actor_01/03-01-02-01-02-01-01.wav
positive,RAVDESS,data/RAVDESS/Actor_01/03-01-02-01-02-02-01.wav
positive,RAVDESS,data/RAVDESS/Actor_01/03-01-02-02-01-01-01.wav
positive,RAVDESS,data/RAVDESS/Actor_01/03-01-02-02-01-02-01.wav
positive,RAVDESS,data/RAVDESS/Actor_01/03-01-02-02-02-01-01.wav
positive,RAVDESS,data/RAVDESS/Actor_01/03-01-02-02-02-02-01.wav
positive,RAVDESS,data/RAVDESS/Actor_01/03-01-03-01-01-01-01.wav
positive,RAVDESS,data/RAVDESS/Actor_01/03-01-03-01-01-02-01.wav
positive,RAVDESS,data/RAVDESS/Actor_01/03-01-03-01-02-01-01.wav
positive,RAVDESS,data/RAVDESS/Actor_01/03-01-03-01-02-02-01.wav
positive,RAVDESS,data/RAVDESS/Actor_01/03-01-03-02-01-01-01.wav
positive,RAVDESS,data/RAVDESS/Actor_01/03-01-03-02-01-02-01.wav
positive,RAVDESS,data/RAVDESS/Actor_01/03-01-03-02-02-01-01.wav
positive,RAVDESS,data/RAVDESS/Actor_01/03-01-03-02-02-02-01.wav
negative,RAVDESS,data/RAVDESS/Actor_01/03-01-04-01-01-01-01.wav
negative,RAVDESS,data/RAVDESS/Actor_01/03-01-04-01-01-02-01.wav
negative,RAVDESS,data/RAVDESS/Actor_01/03-01-04-01-02-01-01.wav
negative,RAVDESS,data/RAVDESS/Actor_01/03-01-04-01-02-02-01.wav
negative,RAVDESS,data/RAVDESS/Actor_01/03-01-04-02-01-01-01.wav
negative,RAVDESS,data/RAVDESS/Actor_01/03-01-04-02-01-02-01.wav
negative,RAVDESS,data/RAVDESS/Actor_01/03-01-04-02-02-01-01.wav
negative,RAVDESS,data/RAVDESS/Actor_01/03-01-04-02-02-02-01.wav
negative,RAVDESS,data/RAVDESS/Actor_01/03-01-05-01-01-01-01.wav
negative,RAVDESS,data/RAVDESS/Actor_01/03-01-05-01-01-02-01.wav
negative,RAVDESS,data/RAVDESS/Actor_01/03-01-05-01-02-01-01.wav
negative,RAVDESS,data/RAVDESS/Actor_01/03-01-05-01-02-02-01.wav
negative,RAVDESS,data/RAVDESS/Actor_01/03-01-05-02-01-01-01.wav
negative,RAVDESS,data/RAVDESS/Actor_01/03-01-05-02-01-02-01.wav
negative,RAVDESS,data/RAVDESS/Actor_01/03-01-05-02-02-01-01.wav
negative,RAVDESS,data/RAVDESS/Actor_01/03-01-05-02-02-02-01.wav
negative,RAVDESS,data/RAVDESS/Actor_01/03-01-06-01-01-01-01.wav
negative,RAVDESS,data/RAVDESS/Actor_01/03-01-06-01-01-02-01.wav
negative,RAVDESS,data/RAVDESS/Actor_01/03-01-06-01-02-01-01.wav
negative,RAVDESS,data/RAVDESS/Actor_01/03-01-06-01-02-02-01.wav
negative,RAVDESS,data/RAVDESS/Actor_01/03-01-06-02-01-01-01.wav
negative,RAVDESS,data/RAVDESS/Actor_01/03-01-06-02-01-02-01.wav
negative,RAVDESS,data/RAVDESS/Actor_01/03-01-06-02-02-01-01.wav
negative,RAVDESS,data/RAVDESS/Actor_01/03-01-06-02-02-02-01.wav
negative,RAVDESS,data/RAVDESS/Actor_01/03-01-07-01-01-01-01.wav
negative,RAVDESS,data/RAVDESS/Actor_01/03-01-07-01-01-02-01.wav
negative,RAVDESS,data/RAVDESS/Actor_01/03-01-07-01-02-01-01.wav
negative,RAVDESS,data/RAVDESS/Actor_01/03-01-07-01-02-02-01.wav
negative,RAVDESS,data/RAVDESS/Actor_01/03-01-07-02-01-01-01.wav
negative,RAVDESS,data/RAVDESS/Actor_01/03-01-07-02-01-02-01.wav
negative,RAVDESS,data/RAVDESS/Actor_01/03-01-07-02-02-01-01.wav
negative,RAVDESS,data/RAVDESS/Actor_01/03-01-07-02-02-02-01.wav
positive,RAVDESS,data/RAVDESS/Actor_01/03-01-08-01-01-01-01.wav
positive,RAVDESS,data/RAVDESS/Actor_01/03-01-08-01-01-02-01.wav
positive,RAVDESS,data/RAVDESS/Actor_01/03-01-08-01-02-01-01.wav
positive,RAVDESS,data/RAVDESS/Actor_01/03-01-08-01-02-02-01.wav
positive,RAVDESS,data/RAVDESS/Actor_01/03-01-08-02-01-01-01.wav
positive,RAVDESS,data/RAVDESS/Actor_01/03-01-08-02-01-02-01.wav
positive,RAVDESS,data/RAVDESS/Actor_01/03-01-08-02-02-01-01.wav
positive,RAVDESS,data/RAVDESS/Actor_01/03-01-08-02-02-02-01.wav
neutral,RAVDESS,data/RAVDESS/Actor_02/03-01-01-01-01-01-02.wav
neutral,RAVDESS,data/RAVDESS/Actor_02/03-01-01-01-01-02-02.wav
neutral,RAVDESS,data/RAVDESS/Actor_02/03-01-01-01-02-01-02.wav
neutral,RAVDESS,data/RAVDESS/Actor_02/03-01-01-01-02-02-02.wav
positive,RAVDESS,data/RAVDESS/Actor_02/03-01-02-01-01-01-02.wav
positive,RAVDESS,data/RAVDESS/Actor_02/03-01-02-01-01-02-02.wav
positive,RAVDESS,data/RAVDESS/Actor_02/03-01-02-01-02-01-02.wav
positive,RAVDESS,data/RAVDESS/Actor_02/03-01-02-01-02-02-02.wav
positive,RAVDESS,data/RAVDESS/Actor_02/03-01-02-02-01-01-02.wav
positive,RAVDESS,data/RAVDESS/Actor_02/03-01-02-02-01-02-02.wav
positive,RAVDESS,data/RAVDESS/Actor_02/03-01-02-02-02-01-02.wav
positive,RAVDESS,data/RAVDESS/Actor_02/03-01-02-02-02-02-02.wav
positive,RAVDESS,data/RAVDESS/Actor_02/03-01-03-01-01-01-02.wav
positive,RAVDESS,data/RAVDESS/Actor_02/03-01-03-01-01-02-02.wav
positive,RAVDESS,data/RAVDESS/Actor_02/03-01-03-01-02-01-02.wav
positive,RAVDESS,data/RAVDESS/Actor_02/03-01-03-01-02-02-02.wav
positive,RAVDESS,data/RAVDESS/Actor_02/03-01-03-02-01-01-02.wav
positive,RAVDESS,data/RAVDESS/Actor_02/03-01-03-02-01-02-02.wav
positive,RAVDESS,data/RAVDESS/Actor_02/03-01-03-02-02-01-02.wav
positive,RAVDESS,data/RAVDESS/Actor_02/03-01-03-02-02-02-02.wav
negative,RAVDESS,data/RAVDESS/Actor_02/03-01-04-01-01-01-02.wav
negative,RAVDESS,data/RAVDESS/Actor_02/03-01-04-01-01-02-02.wav
negative,RAVDESS,data/RAVDESS/Actor_02/03-01-04-01-02-01-02.wav
negative,RAVDESS,data/RAVDESS/Actor_02/03-01-04-01-02-02-02.wav
negative,RAVDESS,data/RAVDESS/Actor_02/03-01-04-02-01-01-02.wav
negative,RAVDESS,data/RAVDESS/Actor_02/03-01-04-02-01-02-02.wav
negative,RAVDESS,data/RAVDESS/Actor_02/03-01-04-02-02-01-02.wav
negative,RAVDESS,data/RAVDESS/Actor_02/03-01-04-02-02-02-02.wav
negative,RAVDESS,data/RAVDESS/Actor_02/03-01-05-01-01-01-02.wav
negative,RAVDESS,data/RAVDESS/Actor_02/03-01-05-01-01-02-02.wav
negative,RAVDESS,data/RAVDESS/Actor_02/03-01-05-01-02-01-02.wav
negative,RAVDESS,data/RAVDESS/Actor_02/03-01-05-01-02-02-02.wav
negative,RAVDESS,data/RAVDESS/Actor_02/03-01-05-02-01-01-02.wav
negative,RAVDESS,data/RAVDESS/Actor_02/03-01-05-02-01-02-02.wav
negative,RAVDESS,data/RAVDESS/Actor_02/03-01-05-02-02-01-02.wav
negative,RAVDESS,data/RAVDESS/Actor_02/03-01-05-02-02-02-02.wav
negative,RAVDESS,data/RAVDESS/Actor_02/03-01-06-01-01-01-02.wav
negative,RAVDESS,data/RAVDESS/Actor_02/03-01-06-01-01-02-02.wav
negative,RAVDESS,data/RAVDESS/Actor_02/03-01-06-01-02-01-02.wav
negative,RAVDESS,data/RAVDESS/Actor_02/03-01-06-01-02-02-02.wav
negative,RAVDESS,data/RAVDESS/Actor_02/03-01-06-02-01-01-02.wav
negative,RAVDESS,data/RAVDESS/Actor_02/03-01-06-02-01-02-02.wav
negative,RAVDESS,data/RAVDESS/Actor_02/03-01-06-02-02-01-02.wav
negative,RAVDESS,data/RAVDESS/Actor_02/03-01-06-02-02-02-02.wav
negative,RAVDESS,data/RAVDESS/Actor_02/03-01-07-01-01-01-02.wav
negative,RAVDESS,data/RAVDESS/Actor_02/03-01-07-01-01-02-02.wav
negative,RAVDESS,data/RAVDESS/Actor_02/03-01-07-01-02-01-02.wav
negative,RAVDESS,data/RAVDESS/Actor_02/03-01-07-01-02-02-02.wav
negative,RAVDESS,data/RAVDESS/Actor_02/03-01-07-02-01-01-02.wav
negative,RAVDESS,data/RAVDESS/Actor_02/03-01-07-02-01-02-02.wav
negative,RAVDESS,data/RAVDESS/Actor_02/03-01-07-02-02-01-02.wav
negative,RAVDESS,data/RAVDESS/Actor_02/03-01-07-02-02-02-02.wav
positive,RAVDESS,data/RAVDESS/Actor_02/03-01-08-01-01-01-02.wav
positive,RAVDESS,data/RAVDESS/Actor_02/03-01-08-01-01-02-02.wav
positive,RAVDESS,data/RAVDESS/Actor_02/03-01-08-01-02-01-02.wav
positive,RAVDESS,data/RAVDESS/Actor_02/03-01-08-01-02-02-02.wav
positive,RAVDESS,data/RAVDESS/Actor_02/03-01-08-02-01-01-02.wav
positive,RAVDESS,data/RAVDESS/Actor_02/03-01-08-02-01-02-02.wav
positive,RAVDESS,data/RAVDESS/Actor_02/03-01-08-02-02-01-02.wav
positive,RAVDESS,data/RAVDESS/Actor_02/03-01-08-02-02-02-02.wav
neutral,RAVDESS,data/RAVDESS/Actor_03/03-01-01-01-01-01-03.wav
neutral,RAVDESS,data/RAVDESS/Actor_03/03-01-01-01-01-02-03.wav
neutral,RAVDESS,data/RAVDESS/Actor_03/03-01-01-01-02-01-03.wav
neutral,RAVDESS,data/RAVDESS/Actor_03/03-01-01-01-02-02-03.wav
positive,RAVDESS,data/RAVDESS/Actor_03/03-01-02-01-01-01-03.wav
positive,RAVDESS,data/RAVDESS/Actor_03/03-01-02-01-01-02-03.wav
positive,RAVDESS,data/RAVDESS/Actor_03/03-01-02-01-02-01-03.wav
positive,RAVDESS,data/RAVDESS/Actor_03/03-01-02-01-02-02-03.wav
positive,RAVDESS,data/RAVDESS/Actor_03/03-01-02-02-01-01-03.wav
positive,RAVDESS,data/RAVDESS/Actor_03/03-01-02-02-01-02-03.wav
positive,RAVDESS,data/RAVDESS/Actor_03/03-01-02-02-02-01-03.wav
positive,RAVDESS,data/RAVDESS/Actor_03/03-01-02-02-02-02-03.wav
positive,RAVDESS,data/RAVDESS/Actor_03/03-01-03-01-01-01-03.wav
positive,RAVDESS,data/RAVDESS/Actor_03/03-01-03-01-01-02-03.wav
positive,RAVDESS,data/RAVDESS/Actor_03/03-01-03-01-02-01-03.wav
positive,RAVDESS,data/RAVDESS/Actor_03/03-01-03-01-02-02-03.wav
positive,RAVDESS,data/RAVDESS/Actor_03/03-01-03-02-01-01-03.wav
positive,RAVDESS,data/RAVDESS/Actor_03/03-01-03-02-01-02-03.wav
positive,RAVDESS,data/RAVDESS/Actor_03/03-01-03-02-02-01-03.wav
positive,RAVDESS,data/RAVDESS/Actor_03/03-01-03-02-02-02-03.wav
negative,RAVDESS,data/RAVDESS/Actor_03/03-01-04-01-01-01-03.wav
negative,RAVDESS,data/RAVDESS/Actor_03/03-01-04-01-01-02-03.wav
negative,RAVDESS,data/RAVDESS/Actor_03/03-01-04-01-02-01-03.wav
negative,RAVDESS,data/RAVDESS/Actor_03/03-01-04-01-02-02-03.wav
negative,RAVDESS,data/RAVDESS/Actor_03/03-01-04-02-01-01-03.wav
negative,RAVDESS,data/RAVDESS/Actor_03/03-01-04-02-01-02-03.wav
negative,RAVDESS,data/RAVDESS/Actor_03/03-01-04-02-02-01-03.wav
negative,RAVDESS,data/RAVDESS/Actor_03/03-01-04-02-02-02-03.wav
negative,RAVDESS,data/RAVDESS/Actor_03/03-01-05-01-01-01-03.wav
negative,RAVDESS,data/RAVDESS/Actor_03/03-01-05-01-01-02-03.wav
negative,RAVDESS,data/RAVDESS/Actor_03/03-01-05-01-02-01-03.wav
negative,RAVDESS,data/RAVDESS/Actor_03/03-01-05-01-02-02-03.wav
negative,RAVDESS,data/RAVDESS/Actor_03/03-01-05-02-01-01-03.wav
negative,RAVDESS,data/RAVDESS/Actor_03/03-01-05-02-01-02-03.wav
negative,RAVDESS,data/RAVDESS/Actor_03/03-01-05-02-02-01-03.wav
negative,RAVDESS,data/RAVDESS/Actor_03/03-01-05-02-02-02-03.wav
negative,RAVDESS,data/RAVDESS/Actor_03/03-01-06-01-01-01-03.wav
negative,RAVDESS,data/RAVDESS/Actor_03/03-01-06-01-01-02-03.wav
negative,RAVDESS,data/RAVDESS/Actor_03/03-01-06-01-02-01-03.wav
negative,RAVDESS,data/RAVDESS/Actor_03/03-01-06-01-02-02-03.wav
negative,RAVDESS,data/RAVDESS/Actor_03/03-01-06-02-01-01-03.wav
negative,RAVDESS,data/RAVDESS/Actor_03/03-01-06-02-01-02-03.wav
negative,RAVDESS,data/RAVDESS/Actor_03/03-01-06-02-02-01-03.wav
negative,RAVDESS,data/RAVDESS/Actor_03/03-01-06-02-02-02-03.wav
negative,RAVDESS,data/RAVDESS/Actor_03/03-01-07-01-01-01-03.wav
negative,RAVDESS,data/RAVDESS/Actor_03/03-01-07-01-01-02-03.wav
negative,RAVDESS,data/RAVDESS/Actor_03/03-01-07-01-02-01-03.wav
negative,RAVDESS,data/RAVDESS/Actor_03/03-01-07-01-02-02-03.wav
negative,RAVDESS,data/RAVDESS/Actor_03/03-01-07-02-01-01-03.wav
negative,RAVDESS,data/RAVDESS/Actor_03/03-01-07-02-01-02-03.wav
negative,RAVDESS,data/RAVDESS/Actor_03/03-01-07-02-02-01-03.wav
negative,RAVDESS,data/RAVDESS/Actor_03/03-01-07-02-02-02-03.wav
positive,RAVDESS,data/RAVDESS/Actor_03/03-01-08-01-01-01-03.wav
positive,RAVDESS,data/RAVDESS/Actor_03/03-01-08-01-01-02-03.wav
positive,RAVDESS,data/RAVDESS/Actor_03/03-01-08-01-02-01-03.wav
positive,RAVDESS,data/RAVDESS/Actor_03/03-01-08-01-02-02-03.wav
positive,RAVDESS,data/RAVDESS/Actor_03/03-01-08-02-01-01-03.wav
positive,RAVDESS,data/RAVDESS/Actor_03/03-01-08-02-01-02-03.wav
positive,RAVDESS,data/RAVDESS/Actor_03/03-01-08-02-02-01-03.wav
positive,RAVDESS,data/RAVDESS/Actor_03/03-01-08-02-02-02-03.wav
neutral,RAVDESS,data/RAVDESS/Actor_04/03-01-01-01-01-01-04.wav
neutral,RAVDESS,data/RAVDESS/Actor_04/03-01-01-01-01-02-04.wav
neutral,RAVDESS,data/RAVDESS/Actor_04/03-01-01-01-02-01-04.wav
neutral,RAVDESS,data/RAVDESS/Actor_04/03-01-01-01-02-02-04.wav
positive,RAVDESS,data/RAVDESS/Actor_04/03-01-02-01-01-01-04.wav
positive,RAVDESS,data/RAVDESS/Actor_04/03-01-02-01-01-02-04.wav
positive,RAVDESS,data/RAVDESS/Actor_04/03-01-02-01-02-01-04.wav
positive,RAVDESS,data/RAVDESS/Actor_04/03-01-02-01-02-02-04.wav
positive,RAVDESS,data/RAVDESS/Actor_04/03-01-02-02-01-01-04.wav
positive,RAVDESS,data/RAVDESS/Actor_04/03-01-02-02-01-02-04.wav
positive,RAVDESS,data/RAVDESS/Actor_04/03-01-02-02-02-01-04.wav
positive,RAVDESS,data/RAVDESS/Actor_04/03-01-02-02-02-02-04.wav
positive,RAVDESS,data/RAVDESS/Actor_04/03-01-03-01-01-01-04.wav
positive,RAVDESS,data/RAVDESS/Actor_04/03-01-03-01-01-02-04.wav
positive,RAVDESS,data/RAVDESS/Actor_04/03-01-03-01-02-01-04.wav
positive,RAVDESS,data/RAVDESS/Actor_04/03-01-03-01-02-02-04.wav
positive,RAVDESS,data/RAVDESS/Actor_04/03-01-03-02-01-01-04.wav
positive,RAVDESS,data/RAVDESS/Actor_04/03-01-03-02-01-02-04.wav
positive,RAVDESS,data/RAVDESS/Actor_04/03-01-03-02-02-01-04.wav
positive,RAVDESS,data/RAVDESS/Actor_04/03-01-03-02-02-02-04.wav
negative,RAVDESS,data/RAVDESS/Actor_04/03-01-04-01-01-01-04.wav
negative,RAVDESS,data/RAVDESS/Actor_04/03-01-04-01-01-02-04.wav
negative,RAVDESS,data/RAVDESS/Actor_04/03-01-04-01-02-01-04.wav
negative,RAVDESS,data/RAVDESS/Actor_04/03-01-04-01-02-02-04.wav
negative,RAVDESS,data/RAVDESS/Actor_04/03-01-04-02-01-01-04.wav
negative,RAVDESS,data/RAVDESS/Actor_04/03-01-04-02-01-02-04.wav
negative,RAVDESS,data/RAVDESS/Actor_04/03-01-04-02-02-01-04.wav
negative,RAVDESS,data/RAVDESS/Actor_04/03-01-04-02-02-02-04.wav
negative,RAVDESS,data/RAVDESS/Actor_04/03-01-05-01-01-01-04.wav
negative,RAVDESS,data/RAVDESS/Actor_04/03-01-05-01-01-02-04.wav
negative,RAVDESS,data/RAVDESS/Actor_04/03-01-05-01-02-01-04.wav
negative,RAVDESS,data/RAVDESS/Actor_04/03-01-05-01-02-02-04.wav
negative,RAVDESS,data/RAVDESS/Actor_04/03-01-05-02-01-01-04.wav
negative,RAVDESS,data/RAVDESS/Actor_04/03-01-05-02-01-02-04.wav
negative,RAVDESS,data/RAVDESS/Actor_04/03-01-05-02-02-01-04.wav
negative,RAVDESS,data/RAVDESS/Actor_04/03-01-05-02-02-02-04.wav
negative,RAVDESS,data/RAVDESS/Actor_04/03-01-06-01-01-01-04.wav
negative,RAVDESS,data/RAVDESS/Actor_04/03-01-06-01-01-02-04.wav
negative,RAVDESS,data/RAVDESS/Actor_04/03-01-06-01-02-01-04.wav
negative,RAVDESS,data/RAVDESS/Actor_04/03-01-06-01-02-02-04.wav
negative,RAVDESS,data/RAVDESS/Actor_04/03-01-06-02-01-01-04.wav
negative,RAVDESS,data/RAVDESS/Actor_04/03-01-06-02-01-02-04.wav
negative,RAVDESS,data/RAVDESS/Actor_04/03-01-06-02-02-01-04.wav
negative,RAVDESS,data/RAVDESS/Actor_04/03-01-06-02-02-02-04.wav
negative,RAVDESS,data/RAVDESS/Actor_04/03-01-07-01-01-01-04.wav
negative,RAVDESS,data/RAVDESS/Actor_04/03-01-07-01-01-02-04.wav
negative,RAVDESS,data/RAVDESS/Actor_04/03-01-07-01-02-01-04.wav
negative,RAVDESS,data/RAVDESS/Actor_04/03-01-07-01-02-02-04.wav
negative,RAVDESS,data/RAVDESS/Actor_04/03-01-07-02-01-01-04.wav
negative,RAVDESS,data/RAVDESS/Actor_04/03-01-07-02-01-02-04.wav
negative,RAVDESS,data/RAVDESS/Actor_04/03-01-07-02-02-01-04.wav
negative,RAVDESS,data/RAVDESS/Actor_04/03-01-07-02-02-02-04.wav
positive,RAVDESS,data/RAVDESS/Actor_04/03-01-08-01-01-01-04.wav
positive,RAVDESS,data/RAVDESS/Actor_04/03-01-08-01-01-02-04.wav
positive,RAVDESS,data/RAVDESS/Actor_04/03-01-08-01-02-01-04.wav
positive,RAVDESS,data/RAVDESS/Actor_04/03-01-08-01-02-02-04.wav
positive,RAVDESS,data/RAVDESS/Actor_04/03-01-08-02-01-01-04.wav
positive,RAVDESS,data/RAVDESS/Actor_04/03-01-08-02-01-02-04.wav
positive,RAVDESS,data/RAVDESS/Actor_04/03-01-08-02-02-01-04.wav
positive,RAVDESS,data/RAVDESS/Actor_04/03-01-08-02-02-02-04.wav
neutral,RAVDESS,data/RAVDESS/Actor_05/03-01-01-01-01-01-05.wav
neutral,RAVDESS,data/RAVDESS/Actor_05/03-01-01-01-01-02-05.wav
neutral,RAVDESS,data/RAVDESS/Actor_05/03-01-01-01-02-01-05.wav
neutral,RAVDESS,data/RAVDESS/Actor_05/03-01-01-01-02-02-05.wav
positive,RAVDESS,data/RAVDESS/Actor_05/03-01-02-01-01-01-05.wav
positive,RAVDESS,data/RAVDESS/Actor_05/03-01-02-01-01-02-05.wav
positive,RAVDESS,data/RAVDESS/Actor_05/03-01-02-01-02-01-05.wav
positive,RAVDESS,data/RAVDESS/Actor_05/03-01-02-01-02-02-05.wav
positive,RAVDESS,data/RAVDESS/Actor_05/03-01-02-02-01-01-05.wav
positive,RAVDESS,data/RAVDESS/Actor_05/03-01-02-02-01-02-05.wav
positive,RAVDESS,data/RAVDESS/Actor_05/03-01-02-02-02-01-05.wav
positive,RAVDESS,data/RAVDESS/Actor_05/03-01-02-02-02-02-05.wav
positive,RAVDESS,data/RAVDESS/Actor_05/03-01-03-01-01-01-05.wav
positive,RAVDESS,data/RAVDESS/Actor_05/03-01-03-01-01-02-05.wav
positive,RAVDESS,data/RAVDESS/Actor_05/03-01-03-01-02-01-05.wav
positive,RAVDESS,data/RAVDESS/Actor_05/03-01-03-01-02-02-05.wav
positive,RAVDESS,data/RAVDESS/Actor_05/03-01-03-02-01-01-05.wav
positive,RAVDESS,data/RAVDESS/Actor_05/03-01-03-02-01-02-05.wav
positive,RAVDESS,data/RAVDESS/Actor_05/03-01-03-02-02-01-05.wav
positive,RAVDESS,data/RAVDESS/Actor_05/03-01-03-02-02-02-05.wav
negative,RAVDESS,data/RAVDESS/Actor_05/03-01-04-01-01-01-05.wav
negative,RAVDESS,data/RAVDESS/Actor_05/03-01-04-01-01-02-05.wav
negative,RAVDESS,data/RAVDESS/Actor_05/03-01-04-01-02-01-05.wav
negative,RAVDESS,data/RAVDESS/Actor_05/03-01-04-01-02-02-05.wav
negative,RAVDESS,data/RAVDESS/Actor_05/03-01-04-02-01-01-05.wav
negative,RAVDESS,data/RAVDESS/Actor_05/03-01-04-02-01-02-05.wav
negative,RAVDESS,data/RAVDESS/Actor_05/03-01-04-02-02-01-05.wav
negative,RAVDESS,data/RAVDESS/Actor_05/03-01-04-02-02-02-05.wav
negative,RAVDESS,data/RAVDESS/Actor_05/03-01-05-01-01-01-05.wav
negative,RAVDESS,data/RAVDESS/Actor_05/03-01-05-01-01-02-05.wav
negative,RAVDESS,data/RAVDESS/Actor_05/03-01-05-01-02-01-05.wav
negative,RAVDESS,data/RAVDESS/Actor_05/03-01-05-01-02-02-05.wav
negative,RAVDESS,data/RAVDESS/Actor_05/03-01-05-02-01-01-05.wav
negative,RAVDESS,data/RAVDESS/Actor_05/03-01-05-02-01-02-05.wav
negative,RAVDESS,data/RAVDESS/Actor_05/03-01-05-02-02-01-05.wav
negative,RAVDESS,data/RAVDESS/Actor_05/03-01-05-02-02-02-05.wav
negative,RAVDESS,data/RAVDESS/Actor_05/03-01-06-01-01-01-05.wav
negative,RAVDESS,data/RAVDESS/Actor_05/03-01-06-01-01-02-05.wav
negative,RAVDESS,data/RAVDESS/Actor_05/03-01-06-01-02-01-05.wav
negative,RAVDESS,data/RAVDESS/Actor_05/03-01-06-01-02-02-05.wav
negative,RAVDESS,data/RAVDESS/Actor_05/03-01-06-02-01-01-05.wav
negative,RAVDESS,data/RAVDESS/Actor_05/03-01-06-02-01-02-05.wav
negative,RAVDESS,data/RAVDESS/Actor_05/03-01-06-02-02-01-05.wav
negative,RAVDESS,data/RAVDESS/Actor_05/03-01-06-02-02-02-05.wav
negative,RAVDESS,data/RAVDESS/Actor_05/03-01-07-01-01-01-05.wav
negative,RAVDESS,data/RAVDESS/Actor_05/03-01-07-01-01-02-05.wav
negative,RAVDESS,data/RAVDESS/Actor_05/03-01-07-01-02-01-05.wav
negative,RAVDESS,data/RAVDESS/Actor_05/03-01-07-01-02-02-05.wav
negative,RAVDESS,data/RAVDESS/Actor_05/03-01-07-02-01-01-05.wav
negative,RAVDESS,data/RAVDESS/Actor_05/03-01-07-02-01-02-05.wav
negative,RAVDESS,data/RAVDESS/Actor_05/03-01-07-02-02-01-05.wav
negative,RAVDESS,data/RAVDESS/Actor_05/03-01-07-02-02-02-05.wav
positive,RAVDESS,data/RAVDESS/Actor_05/03-01-08-01-01-01-05.wav
positive,RAVDESS,data/RAVDESS/Actor_05/03-01-08-01-01-02-05.wav
positive,RAVDESS,data/RAVDESS/Actor_05/03-01-08-01-02-01-05.wav
positive,RAVDESS,data/RAVDESS/Actor_05/03-01-08-01-02-02-05.wav
positive,RAVDESS,data/RAVDESS/Actor_05/03-01-08-02-01-01-05.wav
positive,RAVDESS,data/RAVDESS/Actor_05/03-01-08-02-01-02-05.wav
positive,RAVDESS,data/RAVDESS/Actor_05/03-01-08-02-02-01-05.wav
positive,RAVDESS,data/RAVDESS/Actor_05/03-01-08-02-02-02-05.wav
neutral,RAVDESS,data/RAVDESS/Actor_06/03-01-01-01-01-01-06.wav
neutral,RAVDESS,data/RAVDESS/Actor_06/03-01-01-01-01-02-06.wav
neutral,RAVDESS,data/RAVDESS/Actor_06/03-01-01-01-02-01-06.wav
neutral,RAVDESS,data/RAVDESS/Actor_06/03-01-01-01-02-02-06.wav
positive,RAVDESS,data/RAVDESS/Actor_06/03-01-02-01-01-01-06.wav
positive,RAVDESS,data/RAVDESS/Actor_06/03-01-02-01-01-02-06.wav
positive,RAVDESS,data/RAVDESS/Actor_06/03-01-02-01-02-01-06.wav
positive,RAVDESS,data/RAVDESS/Actor_06/03-01-02-01-02-02-06.wav
positive,RAVDESS,data/RAVDESS/Actor_06/03-01-02-02-01-01-06.wav
positive,RAVDESS,data/RAVDESS/Actor_06/03-01-02-02-01-02-06.wav
positive,RAVDESS,data/RAVDESS/Actor_06/03-01-02-02-02-01-06.wav
positive,RAVDESS,data/RAVDESS/Actor_06/03-01-02-02-02-02-06.wav
positive,RAVDESS,data/RAVDESS/Actor_06/03-01-03-01-01-01-06.wav
positive,RAVDESS,data/RAVDESS/Actor_06/03-01-03-01-01-02-06.wav
positive,RAVDESS,data/RAVDESS/Actor_06/03-01-03-01-02-01-06.wav
positive,RAVDESS,data/RAVDESS/Actor_06/03-01-03-01-02-02-06.wav
positive,RAVDESS,data/RAVDESS/Actor_06/03-01-03-02-01-01-06.wav
positive,RAVDESS,data/RAVDESS/Actor_06/03-01-03-02-01-02-06.wav
positive,RAVDESS,data/RAVDESS/Actor_06/03-01-03-02-02-01-06.wav
positive,RAVDESS,data/RAVDESS/Actor_06/03-01-03-02-02-02-06.wav
negative,RAVDESS,data/RAVDESS/Actor_06/03-01-04-01-01-01-06.wav
negative,RAVDESS,data/RAVDESS/Actor_06/03-01-04-01-01-02-06.wav
negative,RAVDESS,data/RAVDESS/Actor_06/03-01-04-01-02-01-06.wav
negative,RAVDESS,data/RAVDESS/Actor_06/03-01-04-01-02-02-06.wav
negative,RAVDESS,data/RAVDESS/Actor_06/03-01-04-02-01-01-06.wav
negative,RAVDESS,data/RAVDESS/Actor_06/03-01-04-02-01-02-06.wav
negative,RAVDESS,data/RAVDESS/Actor_06/03-01-04-02-02-01-06.wav
negative,RAVDESS,data/RAVDESS/Actor_06/03-01-04-02-02-02-06.wav
negative,RAVDESS,data/RAVDESS/Actor_06/03-01-05-01-01-01-06.wav
negative,RAVDESS,data/RAVDESS/Actor_06/03-01-05-01-01-02-06.wav
negative,RAVDESS,data/RAVDESS/Actor_06/03-01-05-01-02-01-06.wav
negative,RAVDESS,data/RAVDESS/Actor_06/03-01-05-01-02-02-06.wav
negative,RAVDESS,data/RAVDESS/Actor_06/03-01-05-02-01-01-06.wav
negative,RAVDESS,data/RAVDESS/Actor_06/03-01-05-02-01-02-06.wav
negative,RAVDESS,data/RAVDESS/Actor_06/03-01-05-02-02-01-06.wav
negative,RAVDESS,data/RAVDESS/Actor_06/03-01-05-02-02-02-06.wav
negative,RAVDESS,data/RAVDESS/Actor_06/03-01-06-01-01-01-06.wav
negative,RAVDESS,data/RAVDESS/Actor_06/03-01-06-01-01-02-06.wav
negative,RAVDESS,data/RAVDESS/Actor_06/03-01-06-01-02-01-06.wav
negative,RAVDESS,data/RAVDESS/Actor_06/03-01-06-01-02-02-06.wav
negative,RAVDESS,data/RAVDESS/Actor_06/03-01-06-02-01-01-06.wav
negative,RAVDESS,data/RAVDESS/Actor_06/03-01-06-02-01-02-06.wav
negative,RAVDESS,data/RAVDESS/Actor_06/03-01-06-02-02-01-06.wav
negative,RAVDESS,data/RAVDESS/Actor_06/03-01-06-02-02-02-06.wav
negative,RAVDESS,data/RAVDESS/Actor_06/03-01-07-01-01-01-06.wav
negative,RAVDESS,data/RAVDESS/Actor_06/03-01-07-01-01-02-06.wav
negative,RAVDESS,data/RAVDESS/Actor_06/03-01-07-01-02-01-06.wav
negative,RAVDESS,data/RAVDESS/Actor_06/03-01-07-01-02-02-06.wav
negative,RAVDESS,data/RAVDESS/Actor_06/03-01-07-02-01-01-06.wav
negative,RAVDESS,data/RAVDESS/Actor_06/03-01-07-02-01-02-06.wav
negative,RAVDESS,data/RAVDESS/Actor_06/03-01-07-02-02-01-06.wav
negative,RAVDESS,data/RAVDESS/Actor_06/03-01-07-02-02-02-06.wav
positive,RAVDESS,data/RAVDESS/Actor_06/03-01-08-01-01-01-06.wav
positive,RAVDESS,data/RAVDESS/Actor_06/03-01-08-01-01-02-06.wav
positive,RAVDESS,data/RAVDESS/Actor_06/03-01-08-01-02-01-06.wav
positive,RAVDESS,data/RAVDESS/Actor_06/03-01-08-01-02-02-06.wav
positive,RAVDESS,data/RAVDESS/Actor_06/03-01-08-02-01-01-06.wav
positive,RAVDESS,data/RAVDESS/Actor_06/03-01-08-02-01-02-06.wav
positive,RAVDESS,data/RAVDESS/Actor_06/03-01-08-02-02-01-06.wav
positive,RAVDESS,data/RAVDESS/Actor_06/03-01-08-02-02-02-06.wav
neutral,RAVDESS,data/RAVDESS/Actor_07/03-01-01-01-01-01-07.wav
neutral,RAVDESS,data/RAVDESS/Actor_07/03-01-01-01-01-02-07.wav
neutral,RAVDESS,data/RAVDESS/Actor_07/03-01-01-01-02-01-07.wav
neutral,RAVDESS,data/RAVDESS/Actor_07/03-01-01-01-02-02-07.wav
positive,RAVDESS,data/RAVDESS/Actor_07/03-01-02-01-01-01-07.wav
positive,RAVDESS,data/RAVDESS/Actor_07/03-01-02-01-01-02-07.wav
positive,RAVDESS,data/RAVDESS/Actor_07/03-01-02-01-02-01-07.wav
positive,RAVDESS,data/RAVDESS/Actor_07/03-01-02-01-02-02-07.wav
positive,RAVDESS,data/RAVDESS/Actor_07/03-01-02-02-01-01-07.wav
positive,RAVDESS,data/RAVDESS/Actor_07/03-01-02-02-01-02-07.wav
positive,RAVDESS,data/RAVDESS/Actor_07/03-01-02-02-02-01-07.wav
positive,RAVDESS,data/RAVDESS/Actor_07/03-01-02-02-02-02-07.wav
positive,RAVDESS,data/RAVDESS/Actor_07/03-01-03-01-01-01-07.wav
positive,RAVDESS,data/RAVDESS/Actor_07/03-01-03-01-01-02-07.wav
positive,RAVDESS,data/RAVDESS/Actor_07/03-01-03-01-02-01-07.wav
positive,RAVDESS,data/RAVDESS/Actor_07/03-01-03-01-02-02-07.wav
positive,RAVDESS,data/RAVDESS/Actor_07/03-01-03-02-01-01-07.wav
positive,RAVDESS,data/RAVDESS/Actor_07/03-01-03-02-01-02-07.wav
positive,RAVDESS,data/RAVDESS/Actor_07/03-01-03-02-02-01-07.wav
positive,RAVDESS,data/RAVDESS/Actor_07/03-01-03-02-02-02-07.wav
negative,RAVDESS,data/RAVDESS/Actor_07/03-01-04-01-01-01-07.wav
negative,RAVDESS,data/RAVDESS/Actor_07/03-01-04-01-01-02-07.wav
negative,RAVDESS,data/RAVDESS/Actor_07/03-01-04-01-02-01-07.wav
negative,RAVDESS,data/RAVDESS/Actor_07/03-01-04-01-02-02-07.wav
negative,RAVDESS,data/RAVDESS/Actor_07/03-01-04-02-01-01-07.wav
negative,RAVDESS,data/RAVDESS/Actor_07/03-01-04-02-01-02-07.wav
negative,RAVDESS,data/RAVDESS/Actor_07/03-01-04-02-02-01-07.wav
negative,RAVDESS,data/RAVDESS/Actor_07/03-01-04-02-02-02-07.wav
negative,RAVDESS,data/RAVDESS/Actor_07/03-01-05-01-01-01-07.wav
negative,RAVDESS,data/RAVDESS/Actor_07/03-01-05-01-01-02-07.wav
negative,RAVDESS,data/RAVDESS/Actor_07/03-01-05-01-02-01-07.wav
negative,RAVDESS,data/RAVDESS/Actor_07/03-01-05-01-02-02-07.wav
negative,RAVDESS,data/RAVDESS/Actor_07/03-01-05-02-01-01-07.wav
negative,RAVDESS,data/RAVDESS/Actor_07/03-01-05-02-01-02-07.wav
negative,RAVDESS,data/RAVDESS/Actor_07/03-01-05-02-02-01-07.wav
negative,RAVDESS,data/RAVDESS/Actor_07/03-01-05-02-02-02-07.wav
negative,RAVDESS,data/RAVDESS/Actor_07/03-01-06-01-01-01-07.wav
negative,RAVDESS,data/RAVDESS/Actor_07/03-01-06-01-01-02-07.wav
negative,RAVDESS,data/RAVDESS/Actor_07/03-01-06-01-02-01-07.wav
negative,RAVDESS,data/RAVDESS/Actor_07/03-01-06-01-02-02-07.wav
negative,RAVDESS,data/RAVDESS/Actor_07/03-01-06-02-01-01-07.wav
negative,RAVDESS,data/RAVDESS/Actor_07/03-01-06-02-01-02-07.wav
negative,RAVDESS,data/RAVDESS/Actor_07/03-01-06-02-02-01-07.wav
negative,RAVDESS,data/RAVDESS/Actor_07/03-01-06-02-02-02-07.wav
negative,RAVDESS,data/RAVDESS/Actor_07/03-01-07-01-01-01-07.wav
negative,RAVDESS,data/RAVDESS/Actor_07/03-01-07-01-01-02-07.wav
negative,RAVDESS,data/RAVDESS/Actor_07/03-01-07-01-02-01-07.wav
negative,RAVDESS,data/RAVDESS/Actor_07/03-01-07-01-02-02-07.wav
negative,RAVDESS,data/RAVDESS/Actor_07/03-01-07-02-01-01-07.wav
negative,RAVDESS,data/RAVDESS/Actor_07/03-01-07-02-01-02-07.wav
negative,RAVDESS,data/RAVDESS/Actor_07/03-01-07-02-02-01-07.wav
negative,RAVDESS,data/RAVDESS/Actor_07/03-01-07-02-02-02-07.wav
positive,RAVDESS,data/RAVDESS/Actor_07/03-01-08-01-01-01-07.wav
positive,RAVDESS,data/RAVDESS/Actor_07/03-01-08-01-01-02-07.wav
positive,RAVDESS,data/RAVDESS/Actor_07/03-01-08-01-02-01-07.wav
positive,RAVDESS,data/RAVDESS/Actor_07/03-01-08-01-02-02-07.wav
positive,RAVDESS,data/RAVDESS/Actor_07/03-01-08-02-01-01-07.wav
positive,RAVDESS,data/RAVDESS/Actor_07/03-01-08-02-01-02-07.wav
positive,RAVDESS,data/RAVDESS/Actor_07/03-01-08-02-02-01-07.wav
positive,RAVDESS,data/RAVDESS/Actor_07/03-01-08-02-02-02-07.wav
neutral,RAVDESS,data/RAVDESS/Actor_08/03-01-01-01-01-01-08.wav
neutral,RAVDESS,data/RAVDESS/Actor_08/03-01-01-01-01-02-08.wav
neutral,RAVDESS,data/RAVDESS/Actor_08/03-01-01-01-02-01-08.wav
neutral,RAVDESS,data/RAVDESS/Actor_08/03-01-01-01-02-02-08.wav
positive,RAVDESS,data/RAVDESS/Actor_08/03-01-02-01-01-01-08.wav
positive,RAVDESS,data/RAVDESS/Actor_08/03-01-02-01-01-02-08.wav
positive,RAVDESS,data/RAVDESS/Actor_08/03-01-02-01-02-01-08.wav
positive,RAVDESS,data/RAVDESS/Actor_08/03-01-02-01-02-02-08.wav
positive,RAVDESS,data/RAVDESS/Actor_08/03-01-02-02-01-01-08.wav
positive,RAVDESS,data/RAVDESS/Actor_08/03-01-02-02-01-02-08.wav
positive,RAVDESS,data/RAVDESS/Actor_08/03-01-02-02-02-01-08.wav
positive,RAVDESS,data/RAVDESS/Actor_08/03-01-02-02-02-02-08.wav
positive,RAVDESS,data/RAVDESS/Actor_08/03-01-03-01-01-01-08.wav
positive,RAVDESS,data/RAVDESS/Actor_08/03-01-03-01-01-02-08.wav
positive,RAVDESS,data/RAVDESS/Actor_08/03-01-03-01-02-01-08.wav
positive,RAVDESS,data/RAVDESS/Actor_08/03-01-03-01-02-02-08.wav
positive,RAVDESS,data/RAVDESS/Actor_08/03-01-03-02-01-01-08.wav
positive,RAVDESS,data/RAVDESS/Actor_08/03-01-03-02-01-02-08.wav
positive,RAVDESS,data/RAVDESS/Actor_08/03-01-03-02-02-01-08.wav
positive,RAVDESS,data/RAVDESS/Actor_08/03-01-03-02-02-02-08.wav
negative,RAVDESS,data/RAVDESS/Actor_08/03-01-04-01-01-01-08.wav
negative,RAVDESS,data/RAVDESS/Actor_08/03-01-04-01-01-02-08.wav
negative,RAVDESS,data/RAVDESS/Actor_08/03-01-04-01-02-01-08.wav
negative,RAVDESS,data/RAVDESS/Actor_08/03-01-04-01-02-02-08.wav
negative,RAVDESS,data/RAVDESS/Actor_08/03-01-04-02-01-01-08.wav
negative,RAVDESS,data/RAVDESS/Actor_08/03-01-04-02-01-02-08.wav
negative,RAVDESS,data/RAVDESS/Actor_08/03-01-04-02-02-01-08.wav
negative,RAVDESS,data/RAVDESS/Actor_08/03-01-04-02-02-02-08.wav
negative,RAVDESS,data/RAVDESS/Actor_08/03-01-05-01-01-01-08.wav
negative,RAVDESS,data/RAVDESS/Actor_08/03-01-05-01-01-02-08.wav
negative,RAVDESS,data/RAVDESS/Actor_08/03-01-05-01-02-01-08.wav
negative,RAVDESS,data/RAVDESS/Actor_08/03-01-05-01-02-02-08.wav
negative,RAVDESS,data/RAVDESS/Actor_08/03-01-05-02-01-01-08.wav
negative,RAVDESS,data/RAVDESS/Actor_08/03-01-05-02-01-02-08.wav
negative,RAVDESS,data/RAVDESS/Actor_08/03-01-05-02-02-01-08.wav
negative,RAVDESS,data/RAVDESS/Actor_08/03-01-05-02-02-02-08.wav
negative,RAVDESS,data/RAVDESS/Actor_08/03-01-06-01-01-01-08.wav
negative,RAVDESS,data/RAVDESS/Actor_08/03-01-06-01-01-02-08.wav
negative,RAVDESS,data/RAVDESS/Actor_08/03-01-06-01-02-01-08.wav
negative,RAVDESS,data/RAVDESS/Actor_08/03-01-06-01-02-02-08.wav
negative,RAVDESS,data/RAVDESS/Actor_08/03-01-06-02-01-01-08.wav
negative,RAVDESS,data/RAVDESS/Actor_08/03-01-06-02-01-02-08.wav
negative,RAVDESS,data/RAVDESS/Actor_08/03-01-06-02-02-01-08.wav
negative,RAVDESS,data/RAVDESS/Actor_08/03-01-06-02-02-02-08.wav
negative,RAVDESS,data/RAVDESS/Actor_08/03-01-07-01-01-01-08.wav
negative,RAVDESS,data/RAVDESS/Actor_08/03-01-07-01-01-02-08.wav
negative,RAVDESS,data/RAVDESS/Actor_08/03-01-07-01-02-01-08.wav
negative,RAVDESS,data/RAVDESS/Actor_08/03-01-07-01-02-02-08.wav
negative,RAVDESS,data/RAVDESS/Actor_08/03-01-07-02-01-01-08.wav
negative,RAVDESS,data/RAVDESS/Actor_08/03-01-07-02-01-02-08.wav
negative,RAVDESS,data/RAVDESS/Actor_08/03-01-07-02-02-01-08.wav
negative,RAVDESS,data/RAVDESS/Actor_08/03-01-07-02-02-02-08.wav
positive,RAVDESS,data/RAVDESS/Actor_08/03-01-08-01-01-01-08.wav
positive,RAVDESS,data/RAVDESS/Actor_08/03-01-08-01-01-02-08.wav
positive,RAVDESS,data/RAVDESS/Actor_08/03-01-08-01-02-01-08.wav
positive,RAVDESS,data/RAVDESS/Actor_08/03-01-08-01-02-02-08.wav
positive,RAVDESS,data/RAVDESS/Actor_08/03-01-08-02-01-01-08.wav
positive,RAVDESS,data/RAVDESS/Actor_08/03-01-08-02-01-02-08.wav
positive,RAVDESS,data/RAVDESS/Actor_08/03-01-08-02-02-01-08.wav
positive,RAVDESS,data/RAVDESS/Actor_08/03-01-08-02-02-02-08.wav
neutral,RAVDESS,data/RAVDESS/Actor_09/03-01-01-01-01-01-09.wav
neutral,RAVDESS,data/RAVDESS/Actor_09/03-01-01-01-01-02-09.wav
neutral,RAVDESS,data/RAVDESS/Actor_09/03-01-01-01-02-01-09.wav
neutral,RAVDESS,data/RAVDESS/Actor_09/03-01-01-01-02-02-09.wav
positive,RAVDESS,data/RAVDESS/Actor_09/03-01-02-01-01-01-09.wav
positive,RAVDESS,data/RAVDESS/Actor_09/03-01-02-01-01-02-09.wav
positive,RAVDESS,data/RAVDESS/Actor_09/03-01-02-01-02-01-09.wav
positive,RAVDESS,data/RAVDESS/Actor_09/03-01-02-01-02-02-09.wav
positive,RAVDESS,data/RAVDESS/Actor_09/03-01-02-02-01-01-09.wav
positive,RAVDESS,data/RAVDESS/Actor_09/03-01-02-02-01-02-09.wav
positive,RAVDESS,data/RAVDESS/Actor_09/03-01-02-02-02-01-09.wav
positive,RAVDESS,data/RAVDESS/Actor_09/03-01-02-02-02-02-09.wav
positive,RAVDESS,data/RAVDESS/Actor_09/03-01-03-01-01-01-09.wav
positive,RAVDESS,data/RAVDESS/Actor_09/03-01-03-01-01-02-09.wav
positive,RAVDESS,data/RAVDESS/Actor_09/03-01-03-01-02-01-09.wav
positive,RAVDESS,data/RAVDESS/Actor_09/03-01-03-01-02-02-09.wav
positive,RAVDESS,data/RAVDESS/Actor_09/03-01-03-02-01-01-09.wav
positive,RAVDESS,data/RAVDESS/Actor_09/03-01-03-02-01-02-09.wav
positive,RAVDESS,data/RAVDESS/Actor_09/03-01-03-02-02-01-09.wav
positive,RAVDESS,data/RAVDESS/Actor_09/03-01-03-02-02-02-09.wav
negative,RAVDESS,data/RAVDESS/Actor_09/03-01-04-01-01-01-09.wav
negative,RAVDESS,data/RAVDESS/Actor_09/03-01-04-01-01-02-09.wav
negative,RAVDESS,data/RAVDESS/Actor_09/03-01-04-01-02-01-09.wav
negative,RAVDESS,data/RAVDESS/Actor_09/03-01-04-01-02-02-09.wav
negative,RAVDESS,data/RAVDESS/Actor_09/03-01-04-02-01-01-09.wav
negative,RAVDESS,data/RAVDESS/Actor_09/03-01-04-02-01-02-09.wav
negative,RAVDESS,data/RAVDESS/Actor_09/03-01-04-02-02-01-09.wav
negative,RAVDESS,data/RAVDESS/Actor_09/03-01-04-02-02-02-09.wav
negative,RAVDESS,data/RAVDESS/Actor_09/03-01-05-01-01-01-09.wav
negative,RAVDESS,data/RAVDESS/Actor_09/03-01-05-01-01-02-09.wav
negative,RAVDESS,data/RAVDESS/Actor_09/03-01-05-01-02-01-09.wav
negative,RAVDESS,data/RAVDESS/Actor_09/03-01-05-01-02-02-09.wav
negative,RAVDESS,data/RAVDESS/Actor_09/03-01-05-02-01-01-09.wav
negative,RAVDESS,data/RAVDESS/Actor_09/03-01-05-02-01-02-09.wav
negative,RAVDESS,data/RAVDESS/Actor_09/03-01-05-02-02-01-09.wav
negative,RAVDESS,data/RAVDESS/Actor_09/03-01-05-02-02-02-09.wav
negative,RAVDESS,data/RAVDESS/Actor_09/03-01-06-01-01-01-09.wav
negative,RAVDESS,data/RAVDESS/Actor_09/03-01-06-01-01-02-09.wav
negative,RAVDESS,data/RAVDESS/Actor_09/03-01-06-01-02-01-09.wav
negative,RAVDESS,data/RAVDESS/Actor_09/03-01-06-01-02-02-09.wav
negative,RAVDESS,data/RAVDESS/Actor_09/03-01-06-02-01-01-09.wav
negative,RAVDESS,data/RAVDESS/Actor_09/03-01-06-02-01-02-09.wav
negative,RAVDESS,data/RAVDESS/Actor_09/03-01-06-02-02-01-09.wav
negative,RAVDESS,data/RAVDESS/Actor_09/03-01-06-02-02-02-09.wav
negative,RAVDESS,data/RAVDESS/Actor_09/03-01-07-01-01-01-09.wav
negative,RAVDESS,data/RAVDESS/Actor_09/03-01-07-01-01-02-09.wav
negative,RAVDESS,data/RAVDESS/Actor_09/03-01-07-01-02-01-09.wav
negative,RAVDESS,data/RAVDESS/Actor_09/03-01-07-01-02-02-09.wav
negative,RAVDESS,data/RAVDESS/Actor_09/03-01-07-02-01-01-09.wav
negative,RAVDESS,data/RAVDESS/Actor_09/03-01-07-02-01-02-09.wav
negative,RAVDESS,data/RAVDESS/Actor_09/03-01-07-02-02-01-09.wav
negative,RAVDESS,data/RAVDESS/Actor_09/03-01-07-02-02-02-09.wav
positive,RAVDESS,data/RAVDESS/Actor_09/03-01-08-01-01-01-09.wav
positive,RAVDESS,data/RAVDESS/Actor_09/03-01-08-01-01-02-09.wav
positive,RAVDESS,data/RAVDESS/Actor_09/03-01-08-01-02-01-09.wav
positive,RAVDESS,data/RAVDESS/Actor_09/03-01-08-01-02-02-09.wav
positive,RAVDESS,data/RAVDESS/Actor_09/03-01-08-02-01-01-09.wav
positive,RAVDESS,data/RAVDESS/Actor_09/03-01-08-02-01-02-09.wav
positive,RAVDESS,data/RAVDESS/Actor_09/03-01-08-02-02-01-09.wav
positive,RAVDESS,data/RAVDESS/Actor_09/03-01-08-02-02-02-09.wav
neutral,RAVDESS,data/RAVDESS/Actor_10/03-01-01-01-01-01-10.wav
neutral,RAVDESS,data/RAVDESS/Actor_10/03-01-01-01-01-02-10.wav
neutral,RAVDESS,data/RAVDESS/Actor_10/03-01-01-01-02-01-10.wav
neutral,RAVDESS,data/RAVDESS/Actor_10/03-01-01-01-02-02-10.wav
positive,RAVDESS,data/RAVDESS/Actor_10/03-01-02-01-01-01-10.wav
positive,RAVDESS,data/RAVDESS/Actor_10/03-01-02-01-01-02-10.wav
positive,RAVDESS,data/RAVDESS/Actor_10/03-01-02-01-02-01-10.wav
positive,RAVDESS,data/RAVDESS/Actor_10/03-01-02-01-02-02-10.wav
positive,RAVDESS,data/RAVDESS/Actor_10/03-01-02-02-01-01-10.wav
positive,RAVDESS,data/RAVDESS/Actor_10/03-01-02-02-01-02-10.wav
positive,RAVDESS,data/RAVDESS/Actor_10/03-01-02-02-02-01-10.wav
positive,RAVDESS,data/RAVDESS/Actor_10/03-01-02-02-02-02-10.wav
positive,RAVDESS,data/RAVDESS/Actor_10/03-01-03-01-01-01-10.wav
positive,RAVDESS,data/RAVDESS/Actor_10/03-01-03-01-01-02-10.wav
positive,RAVDESS,data/RAVDESS/Actor_10/03-01-03-01-02-01-10.wav
positive,RAVDESS,data/RAVDESS/Actor_10/03-01-03-01-02-02-10.wav
positive,RAVDESS,data/RAVDESS/Actor_10/03-01-03-02-01-01-10.wav
positive,RAVDESS,data/RAVDESS/Actor_10/03-01-03-02-01-02-10.wav
positive,RAVDESS,data/RAVDESS/Actor_10/03-01-03-02-02-01-10.wav
positive,RAVDESS,data/RAVDESS/Actor_10/03-01-03-02-02-02-10.wav
negative,RAVDESS,data/RAVDESS/Actor_10/03-01-04-01-01-01-10.wav
negative,RAVDESS,data/RAVDESS/Actor_10/03-01-04-01-01-02-10.wav
negative,RAVDESS,data/RAVDESS/Actor_10/03-01-04-01-02-01-10.wav
negative,RAVDESS,data/RAVDESS/Actor_10/03-01-04-01-02-02-10.wav
negative,RAVDESS,data/RAVDESS/Actor_10/03-01-04-02-01-01-10.wav
negative,RAVDESS,data/RAVDESS/Actor_10/03-01-04-02-01-02-10.wav
negative,RAVDESS,data/RAVDESS/Actor_10/03-01-04-02-02-01-10.wav
negative,RAVDESS,data/RAVDESS/Actor_10/03-01-04-02-02-02-10.wav
negative,RAVDESS,data/RAVDESS/Actor_10/03-01-05-01-01-01-10.wav
negative,RAVDESS,data/RAVDESS/Actor_10/03-01-05-01-01-02-10.wav
negative,RAVDESS,data/RAVDESS/Actor_10/03-01-05-01-02-01-10.wav
negative,RAVDESS,data/RAVDESS/Actor_10/03-01-05-01-02-02-10.wav
negative,RAVDESS,data/RAVDESS/Actor_10/03-01-05-02-01-01-10.wav
negative,RAVDESS,data/RAVDESS/Actor_10/03-01-05-02-01-02-10.wav
negative,RAVDESS,data/RAVDESS/Actor_10/03-01-05-02-02-01-10.wav
negative,RAVDESS,data/RAVDESS/Actor_10/03-01-05-02-02-02-10.wav
negative,RAVDESS,data/RAVDESS/Actor_10/03-01-06-01-01-01-10.wav
negative,RAVDESS,data/RAVDESS/Actor_10/03-01-06-01-01-02-10.wav
negative,RAVDESS,data/RAVDESS/Actor_10/03-01-06-01-02-01-10.wav
negative,RAVDESS,data/RAVDESS/Actor_10/03-01-06-01-02-02-10.wav
negative,RAVDESS,data/RAVDESS/Actor_10/03-01-06-02-01-01-10.wav
negative,RAVDESS,data/RAVDESS/Actor_10/03-01-06-02-01-02-10.wav
negative,RAVDESS,data/RAVDESS/Actor_10/03-01-06-02-02-01-10.wav
negative,RAVDESS,data/RAVDESS/Actor_10/03-01-06-02-02-02-10.wav
negative,RAVDESS,data/RAVDESS/Actor_10/03-01-07-01-01-01-10.wav
negative,RAVDESS,data/RAVDESS/Actor_10/03-01-07-01-01-02-10.wav
negative,RAVDESS,data/RAVDESS/Actor_10/03-01-07-01-02-01-10.wav
negative,RAVDESS,data/RAVDESS/Actor_10/03-01-07-01-02-02-10.wav
negative,RAVDESS,data/RAVDESS/Actor_10/03-01-07-02-01-01-10.wav
negative,RAVDESS,data/RAVDESS/Actor_10/03-01-07-02-01-02-10.wav
negative,RAVDESS,data/RAVDESS/Actor_10/03-01-07-02-02-01-10.wav
negative,RAVDESS,data/RAVDESS/Actor_10/03-01-07-02-02-02-10.wav
positive,RAVDESS,data/RAVDESS/Actor_10/03-01-08-01-01-01-10.wav
positive,RAVDESS,data/RAVDESS/Actor_10/03-01-08-01-01-02-10.wav
positive,RAVDESS,data/RAVDESS/Actor_10/03-01-08-01-02-01-10.wav
positive,RAVDESS,data/RAVDESS/Actor_10/03-01-08-01-02-02-10.wav
positive,RAVDESS,data/RAVDESS/Actor_10/03-01-08-02-01-01-10.wav
positive,RAVDESS,data/RAVDESS/Actor_10/03-01-08-02-01-02-10.wav
positive,RAVDESS,data/RAVDESS/Actor_10/03-01-08-02-02-01-10.wav
positive,RAVDESS,data/RAVDESS/Actor_10/03-01-08-02-02-02-10.wav
neutral,RAVDESS,data/RAVDESS/Actor_11/03-01-01-01-01-01-11.wav
neutral,RAVDESS,data/RAVDESS/Actor_11/03-01-01-01-01-02-11.wav
neutral,RAVDESS,data/RAVDESS/Actor_11/03-01-01-01-02-01-11.wav
neutral,RAVDESS,data/RAVDESS/Actor_11/03-01-01-01-02-02-11.wav
positive,RAVDESS,data/RAVDESS/Actor_11/03-01-02-01-01-01-11.wav
positive,RAVDESS,data/RAVDESS/Actor_11/03-01-02-01-01-02-11.wav
positive,RAVDESS,data/RAVDESS/Actor_11/03-01-02-01-02-01-11.wav
positive,RAVDESS,data/RAVDESS/Actor_11/03-01-02-01-02-02-11.wav
positive,RAVDESS,data/RAVDESS/Actor_11/03-01-02-02-01-01-11.wav
positive,RAVDESS,data/RAVDESS/Actor_11/03-01-02-02-01-02-11.wav
positive,RAVDESS,data/RAVDESS/Actor_11/03-01-02-02-02-01-11.wav
positive,RAVDESS,data/RAVDESS/Actor_11/03-01-02-02-02-02-11.wav
positive,RAVDESS,data/RAVDESS/Actor_11/03-01-03-01-01-01-11.wav
positive,RAVDESS,data/RAVDESS/Actor_11/03-01-03-01-01-02-11.wav
positive,RAVDESS,data/RAVDESS/Actor_11/03-01-03-01-02-01-11.wav
positive,RAVDESS,data/RAVDESS/Actor_11/03-01-03-01-02-02-11.wav
positive,RAVDESS,data/RAVDESS/Actor_11/03-01-03-02-01-01-11.wav
positive,RAVDESS,data/RAVDESS/Actor_11/03-01-03-02-01-02-11.wav
positive,RAVDESS,data/RAVDESS/Actor_11/03-01-03-02-02-01-11.wav
positive,RAVDESS,data/RAVDESS/Actor_11/03-01-03-02-02-02-11.wav
negative,RAVDESS,data/RAVDESS/Actor_11/03-01-04-01-01-01-11.wav
negative,RAVDESS,data/RAVDESS/Actor_11/03-01-04-01-01-02-11.wav
negative,RAVDESS,data/RAVDESS/Actor_11/03-01-04-01-02-01-11.wav
negative,RAVDESS,data/RAVDESS/Actor_11/03-01-04-01-02-02-11.wav
negative,RAVDESS,data/RAVDESS/Actor_11/03-01-04-02-01-01-11.wav
negative,RAVDESS,data/RAVDESS/Actor_11/03-01-04-02-01-02-11.wav
negative,RAVDESS,data/RAVDESS/Actor_11/03-01-04-02-02-01-11.wav
negative,RAVDESS,data/RAVDESS/Actor_11/03-01-04-02-02-02-11.wav
negative,RAVDESS,data/RAVDESS/Actor_11/03-01-05-01-01-01-11.wav
negative,RAVDESS,data/RAVDESS/Actor_11/03-01-05-01-01-02-11.wav
negative,RAVDESS,data/RAVDESS/Actor_11/03-01-05-01-02-01-11.wav
negative,RAVDESS,data/RAVDESS/Actor_11/03-01-05-01-02-02-11.wav
negative,RAVDESS,data/RAVDESS/Actor_11/03-01-05-02-01-01-11.wav
negative,RAVDESS,data/RAVDESS/Actor_11/03-01-05-02-01-02-11.wav
negative,RAVDESS,data/RAVDESS/Actor_11/03-01-05-02-02-01-11.wav
negative,RAVDESS,data/RAVDESS/Actor_11/03-01-05-02-02-02-11.wav
negative,RAVDESS,data/RAVDESS/Actor_11/03-01-06-01-01-01-11.wav
negative,RAVDESS,data/RAVDESS/Actor_11/03-01-06-01-01-02-11.wav
negative,RAVDESS,data/RAVDESS/Actor_11/03-01-06-01-02-01-11.wav
negative,RAVDESS,data/RAVDESS/Actor_11/03-01-06-01-02-02-11.wav
negative,RAVDESS,data/RAVDESS/Actor_11/03-01-06-02-01-01-11.wav
negative,RAVDESS,data/RAVDESS/Actor_11/03-01-06-02-01-02-11.wav
negative,RAVDESS,data/RAVDESS/Actor_11/03-01-06-02-02-01-11.wav
negative,RAVDESS,data/RAVDESS/Actor_11/03-01-06-02-02-02-11.wav
negative,RAVDESS,data/RAVDESS/Actor_11/03-01-07-01-01-01-11.wav
negative,RAVDESS,data/RAVDESS/Actor_11/03-01-07-01-01-02-11.wav
negative,RAVDESS,data/RAVDESS/Actor_11/03-01-07-01-02-01-11.wav
negative,RAVDESS,data/RAVDESS/Actor_11/03-01-07-01-02-02-11.wav
negative,RAVDESS,data/RAVDESS/Actor_11/03-01-07-02-01-01-11.wav
negative,RAVDESS,data/RAVDESS/Actor_11/03-01-07-02-01-02-11.wav
negative,RAVDESS,data/RAVDESS/Actor_11/03-01-07-02-02-01-11.wav
negative,RAVDESS,data/RAVDESS/Actor_11/03-01-07-02-02-02-11.wav
positive,RAVDESS,data/RAVDESS/Actor_11/03-01-08-01-01-01-11.wav
positive,RAVDESS,data/RAVDESS/Actor_11/03-01-08-01-01-02-11.wav
positive,RAVDESS,data/RAVDESS/Actor_11/03-01-08-01-02-01-11.wav
positive,RAVDESS,data/RAVDESS/Actor_11/03-01-08-01-02-02-11.wav
positive,RAVDESS,data/RAVDESS/Actor_11/03-01-08-02-01-01-11.wav
positive,RAVDESS,data/RAVDESS/Actor_11/03-01-08-02-01-02-11.wav
positive,RAVDESS,data/RAVDESS/Actor_11/03-01-08-02-02-01-11.wav
positive,RAVDESS,data/RAVDESS/Actor_11/03-01-08-02-02-02-11.wav
neutral,RAVDESS,data/RAVDESS/Actor_12/03-01-01-01-01-01-12.wav
neutral,RAVDESS,data/RAVDESS/Actor_12/03-01-01-01-01-02-12.wav
neutral,RAVDESS,data/RAVDESS/Actor_12/03-01-01-01-02-01-12.wav
neutral,RAVDESS,data/RAVDESS/Actor_12/03-01-01-01-02-02-12.wav
positive,RAVDESS,data/RAVDESS/Actor_12/03-01-02-01-01-01-12.wav
positive,RAVDESS,data/RAVDESS/Actor_12/03-01-02-01-01-02-12.wav
positive,RAVDESS,data/RAVDESS/Actor_12/03-01-02-01-02-01-12.wav
positive,RAVDESS,data/RAVDESS/Actor_12/03-01-02-01-02-02-12.wav
positive,RAVDESS,data/RAVDESS/Actor_12/03-01-02-02-01-01-12.wav
positive,RAVDESS,data/RAVDESS/Actor_12/03-01-02-02-01-02-12.wav
positive,RAVDESS,data/RAVDESS/Actor_12/03-01-02-02-02-01-12.wav
positive,RAVDESS,data/RAVDESS/Actor_12/03-01-02-02-02-02-12.wav
positive,RAVDESS,data/RAVDESS/Actor_12/03-01-03-01-01-01-12.wav
positive,RAVDESS,data/RAVDESS/Actor_12/03-01-03-01-01-02-12.wav
positive,RAVDESS,data/RAVDESS/Actor_12/03-01-03-01-02-01-12.wav
positive,RAVDESS,data/RAVDESS/Actor_12/03-01-03-01-02-02-12.wav
positive,RAVDESS,data/RAVDESS/Actor_12/03-01-03-02-01-01-12.wav
positive,RAVDESS,data/RAVDESS/Actor_12/03-01-03-02-01-02-12.wav
positive,RAVDESS,data/RAVDESS/Actor_12/03-01-03-02-02-01-12.wav
positive,RAVDESS,data/RAVDESS/Actor_12/03-01-03-02-02-02-12.wav
negative,RAVDESS,data/RAVDESS/Actor_12/03-01-04-01-01-01-12.wav
negative,RAVDESS,data/RAVDESS/Actor_12/03-01-04-01-01-02-12.wav
negative,RAVDESS,data/RAVDESS/Actor_12/03-01-04-01-02-01-12.wav
negative,RAVDESS,data/RAVDESS/Actor_12/03-01-04-01-02-02-12.wav
negative,RAVDESS,data/RAVDESS/Actor_12/03-01-04-02-01-01-12.wav
negative,RAVDESS,data/RAVDESS/Actor_12/03-01-04-02-01-02-12.wav
negative,RAVDESS,data/RAVDESS/Actor_12/03-01-04-02-02-01-12.wav
negative,RAVDESS,data/RAVDESS/Actor_12/03-01-04-02-02-02-12.wav
negative,RAVDESS,data/RAVDESS/Actor_12/03-01-05-01-01-01-12.wav
negative,RAVDESS,data/RAVDESS/Actor_12/03-01-05-01-01-02-12.wav
negative,RAVDESS,data/RAVDESS/Actor_12/03-01-05-01-02-01-12.wav
negative,RAVDESS,data/RAVDESS/Actor_12/03-01-05-01-02-02-12.wav
negative,RAVDESS,data/RAVDESS/Actor_12/03-01-05-02-01-01-12.wav
negative,RAVDESS,data/RAVDESS/Actor_12/03-01-05-02-01-02-12.wav
negative,RAVDESS,data/RAVDESS/Actor_12/03-01-05-02-02-01-12.wav
negative,RAVDESS,data/RAVDESS/Actor_12/03-01-05-02-02-02-12.wav
negative,RAVDESS,data/RAVDESS/Actor_12/03-01-06-01-01-01-12.wav
negative,RAVDESS,data/RAVDESS/Actor_12/03-01-06-01-01-02-12.wav
negative,RAVDESS,data/RAVDESS/Actor_12/03-01-06-01-02-01-12.wav
negative,RAVDESS,data/RAVDESS/Actor_12/03-01-06-01-02-02-12.wav
negative,RAVDESS,data/RAVDESS/Actor_12/03-01-06-02-01-01-12.wav
negative,RAVDESS,data/RAVDESS/Actor_12/03-01-06-02-01-02-12.wav
negative,RAVDESS,data/RAVDESS/Actor_12/03-01-06-02-02-01-12.wav
negative,RAVDESS,data/RAVDESS/Actor_12/03-01-06-02-02-02-12.wav
negative,RAVDESS,data/RAVDESS/Actor_12/03-01-07-01-01-01-12.wav
negative,RAVDESS,data/RAVDESS/Actor_12/03-01-07-01-01-02-12.wav
negative,RAVDESS,data/RAVDESS/Actor_12/03-01-07-01-02-01-12.wav
negative,RAVDESS,data/RAVDESS/Actor_12/03-01-07-01-02-02-12.wav
negative,RAVDESS,data/RAVDESS/Actor_12/03-01-07-02-01-01-12.wav
negative,RAVDESS,data/RAVDESS/Actor_12/03-01-07-02-01-02-12.wav
negative,RAVDESS,data/RAVDESS/Actor_12/03-01-07-02-02-01-12.wav
negative,RAVDESS,data/RAVDESS/Actor_12/03-01-07-02-02-02-12.wav
positive,RAVDESS,data/RAVDESS/Actor_12/03-01-08-01-01-01-12.wav
positive,RAVDESS,data/RAVDESS/Actor_12/03-01-08-01-01-02-12.wav
positive,RAVDESS,data/RAVDESS/Actor_12/03-01-08-01-02-01-12.wav
positive,RAVDESS,data/RAVDESS/Actor_12/03-01-08-01-02-02-12.wav
positive,RAVDESS,data/RAVDESS/Actor_12/03-01-08-02-01-01-12.wav
positive,RAVDESS,data/RAVDESS/Actor_12/03-01-08-02-01-02-12.wav
positive,RAVDESS,data/RAVDESS/Actor_12/03-01-08-02-02-01-12.wav
positive,RAVDESS,data/RAVDESS/Actor_12/03-01-08-02-02-02-12.wav
neutral,RAVDESS,data/RAVDESS/Actor_13/03-01-01-01-01-01-13.wav
neutral,RAVDESS,data/RAVDESS/Actor_13/03-01-01-01-01-02-13.wav
neutral,RAVDESS,data/RAVDESS/Actor_13/03-01-01-01-02-01-13.wav
neutral,RAVDESS,data/RAVDESS/Actor_13/03-01-01-01-02-02-13.wav
positive,RAVDESS,data/RAVDESS/Actor_13/03-01-02-01-01-01-13.wav
positive,RAVDESS,data/RAVDESS/Actor_13/03-01-02-01-01-02-13.wav
positive,RAVDESS,data/RAVDESS/Actor_13/03-01-02-01-02-01-13.wav
positive,RAVDESS,data/RAVDESS/Actor_13/03-01-02-01-02-02-13.wav
positive,RAVDESS,data/RAVDESS/Actor_13/03-01-02-02-01-01-13.wav
positive,RAVDESS,data/RAVDESS/Actor_13/03-01-02-02-01-02-13.wav
positive,RAVDESS,data/RAVDESS/Actor_13/03-01-02-02-02-01-13.wav
positive,RAVDESS,data/RAVDESS/Actor_13/03-01-02-02-02-02-13.wav
positive,RAVDESS,data/RAVDESS/Actor_13/03-01-03-01-01-01-13.wav
positive,RAVDESS,data/RAVDESS/Actor_13/03-01-03-01-01-02-13.wav
positive,RAVDESS,data/RAVDESS/Actor_13/03-01-03-01-02-01-13.wav
positive,RAVDESS,data/RAVDESS/Actor_13/03-01-03-01-02-02-13.wav
positive,RAVDESS,data/RAVDESS/Actor_13/03-01-03-02-01-01-13.wav
positive,RAVDESS,data/RAVDESS/Actor_13/03-01-03-02-01-02-13.wav
positive,RAVDESS,data/RAVDESS/Actor_13/03-01-03-02-02-01-13.wav
positive,RAVDESS,data/RAVDESS/Actor_13/03-01-03-02-02-02-13.wav
negative,RAVDESS,data/RAVDESS/Actor_13/03-01-04-01-01-01-13.wav
negative,RAVDESS,data/RAVDESS/Actor_13/03-01-04-01-01-02-13.wav
negative,RAVDESS,data/RAVDESS/Actor_13/03-01-04-01-02-01-13.wav
negative,RAVDESS,data/RAVDESS/Actor_13/03-01-04-01-02-02-13.wav
negative,RAVDESS,data/RAVDESS/Actor_13/03-01-04-02-01-01-13.wav
negative,RAVDESS,data/RAVDESS/Actor_13/03-01-04-02-01-02-13.wav
negative,RAVDESS,data/RAVDESS/Actor_13/03-01-04-02-02-01-13.wav
negative,RAVDESS,data/RAVDESS/Actor_13/03-01-04-02-02-02-13.wav
negative,RAVDESS,data/RAVDESS/Actor_13/03-01-05-01-01-01-13.wav
negative,RAVDESS,data/RAVDESS/Actor_13/03-01-05-01-01-02-13.wav
negative,RAVDESS,data/RAVDESS/Actor_13/03-01-05-01-02-01-13.wav
negative,RAVDESS,data/RAVDESS/Actor_13/03-01-05-01-02-02-13.wav
negative,RAVDESS,data/RAVDESS/Actor_13/03-01-05-02-01-01-13.wav
negative,RAVDESS,data/RAVDESS/Actor_13/03-01-05-02-01-02-13.wav
negative,RAVDESS,data/RAVDESS/Actor_13/03-01-05-02-02-01-13.wav
negative,RAVDESS,data/RAVDESS/Actor_13/03-01-05-02-02-02-13.wav
negative,RAVDESS,data/RAVDESS/Actor_13/03-01-06-01-01-01-13.wav
negative,RAVDESS,data/RAVDESS/Actor_13/03-01-06-01-01-02-13.wav
negative,RAVDESS,data/RAVDESS/Actor_13/03-01-06-01-02-01-13.wav
negative,RAVDESS,data/RAVDESS/Actor_13/03-01-06-01-02-02-13.wav
negative,RAVDESS,data/RAVDESS/Actor_13/03-01-06-02-01-01-13.wav
negative,RAVDESS,data/RAVDESS/Actor_13/03-01-06-02-01-02-13.wav
negative,RAVDESS,data/RAVDESS/Actor_13/03-01-06-02-02-01-13.wav
negative,RAVDESS,data/RAVDESS/Actor_13/03-01-06-02-02-02-13.wav
negative,RAVDESS,data/RAVDESS/Actor_13/03-01-07-01-01-01-13.wav
negative,RAVDESS,data/RAVDESS/Actor_13/03-01-07-01-01-02-13.wav
negative,RAVDESS,data/RAVDESS/Actor_13/03-01-07-01-02-01-13.wav
negative,RAVDESS,data/RAVDESS/Actor_13/03-01-07-01-02-02-13.wav
negative,RAVDESS,data/RAVDESS/Actor_13/03-01-07-02-01-01-13.wav
negative,RAVDESS,data/RAVDESS/Actor_13/03-01-07-02-01-02-13.wav
negative,RAVDESS,data/RAVDESS/Actor_13/03-01-07-02-02-01-13.wav
negative,RAVDESS,data/RAVDESS/Actor_13/03-01-07-02-02-02-13.wav
positive,RAVDESS,data/RAVDESS/Actor_13/03-01-08-01-01-01-13.wav
positive,RAVDESS,data/RAVDESS/Actor_13/03-01-08-01-01-02-13.wav
positive,RAVDESS,data/RAVDESS/Actor_13/03-01-08-01-02-01-13.wav
positive,RAVDESS,data/RAVDESS/Actor_13/03-01-08-01-02-02-13.wav
positive,RAVDESS,data/RAVDESS/Actor_13/03-01-08-02-01-01-13.wav
positive,RAVDESS,data/RAVDESS/Actor_13/03-01-08-02-01-02-13.wav
positive,RAVDESS,data/RAVDESS/Actor_13/03-01-08-02-02-01-13.wav
positive,RAVDESS,data/RAVDESS/Actor_13/03-01-08-02-02-02-13.wav
neutral,RAVDESS,data/RAVDESS/Actor_14/03-01-01-01-01-01-14.wav
neutral,RAVDESS,data/RAVDESS/Actor_14/03-01-01-01-01-02-14.wav
neutral,RAVDESS,data/RAVDESS/Actor_14/03-01-01-01-02-01-14.wav
neutral,RAVDESS,data/RAVDESS/Actor_14/03-01-01-01-02-02-14.wav
positive,RAVDESS,data/RAVDESS/Actor_14/03-01-02-01-01-01-14.wav
positive,RAVDESS,data/RAVDESS/Actor_14/03-01-02-01-01-02-14.wav
positive,RAVDESS,data/RAVDESS/Actor_14/03-01-02-01-02-01-14.wav
positive,RAVDESS,data/RAVDESS/Actor_14/03-01-02-01-02-02-14.wav
positive,RAVDESS,data/RAVDESS/Actor_14/03-01-02-02-01-01-14.wav
positive,RAVDESS,data/RAVDESS/Actor_14/03-01-02-02-01-02-14.wav
positive,RAVDESS,data/RAVDESS/Actor_14/03-01-02-02-02-01-14.wav
positive,RAVDESS,data/RAVDESS/Actor_14/03-01-02-02-02-02-14.wav
positive,RAVDESS,data/RAVDESS/Actor_14/03-01-03-01-01-01-14.wav
positive,RAVDESS,data/RAVDESS/Actor_14/03-01-03-01-01-02-14.wav
positive,RAVDESS,data/RAVDESS/Actor_14/03-01-03-01-02-01-14.wav
positive,RAVDESS,data/RAVDESS/Actor_14/03-01-03-01-02-02-14.wav
positive,RAVDESS,data/RAVDESS/Actor_14/03-01-03-02-01-01-14.wav
positive,RAVDESS,data/RAVDESS/Actor_14/03-01-03-02-01-02-14.wav
positive,RAVDESS,data/RAVDESS/Actor_14/03-01-03-02-02-01-14.wav
positive,RAVDESS,data/RAVDESS/Actor_14/03-01-03-02-02-02-14.wav
negative,RAVDESS,data/RAVDESS/Actor_14/03-01-04-01-01-01-14.wav
negative,RAVDESS,data/RAVDESS/Actor_14/03-01-04-01-01-02-14.wav
negative,RAVDESS,data/RAVDESS/Actor_14/03-01-04-01-02-01-14.wav
negative,RAVDESS,data/RAVDESS/Actor_14/03-01-04-01-02-02-14.wav
negative,RAVDESS,data/RAVDESS/Actor_14/03-01-04-02-01-01-14.wav
negative,RAVDESS,data/RAVDESS/Actor_14/03-01-04-02-01-02-14.wav
negative,RAVDESS,data/RAVDESS/Actor_14/03-01-04-02-02-01-14.wav
negative,RAVDESS,data/RAVDESS/Actor_14/03-01-04-02-02-02-14.wav
negative,RAVDESS,data/RAVDESS/Actor_14/03-01-05-01-01-01-14.wav
negative,RAVDESS,data/RAVDESS/Actor_14/03-01-05-01-01-02-14.wav
negative,RAVDESS,data/RAVDESS/Actor_14/03-01-05-01-02-01-14.wav
negative,RAVDESS,data/RAVDESS/Actor_14/03-01-05-01-02-02-14.wav
negative,RAVDESS,data/RAVDESS/Actor_14/03-01-05-02-01-01-14.wav
negative,RAVDESS,data/RAVDESS/Actor_14/03-01-05-02-01-02-14.wav
negative,RAVDESS,data/RAVDESS/Actor_14/03-01-05-02-02-01-14.wav
negative,RAVDESS,data/RAVDESS/Actor_14/03-01-05-02-02-02-14.wav
negative,RAVDESS,data/RAVDESS/Actor_14/03-01-06-01-01-01-14.wav
negative,RAVDESS,data/RAVDESS/Actor_14/03-01-06-01-01-02-14.wav
negative,RAVDESS,data/RAVDESS/Actor_14/03-01-06-01-02-01-14.wav
negative,RAVDESS,data/RAVDESS/Actor_14/03-01-06-01-02-02-14.wav
negative,RAVDESS,data/RAVDESS/Actor_14/03-01-06-02-01-01-14.wav
negative,RAVDESS,data/RAVDESS/Actor_14/03-01-06-02-01-02-14.wav
negative,RAVDESS,data/RAVDESS/Actor_14/03-01-06-02-02-01-14.wav
negative,RAVDESS,data/RAVDESS/Actor_14/03-01-06-02-02-02-14.wav
negative,RAVDESS,data/RAVDESS/Actor_14/03-01-07-01-01-01-14.wav
negative,RAVDESS,data/RAVDESS/Actor_14/03-01-07-01-01-02-14.wav
negative,RAVDESS,data/RAVDESS/Actor_14/03-01-07-01-02-01-14.wav
negative,RAVDESS,data/RAVDESS/Actor_14/03-01-07-01-02-02-14.wav
negative,RAVDESS,data/RAVDESS/Actor_14/03-01-07-02-01-01-14.wav
negative,RAVDESS,data/RAVDESS/Actor_14/03-01-07-02-01-02-14.wav
negative,RAVDESS,data/RAVDESS/Actor_14/03-01-07-02-02-01-14.wav
negative,RAVDESS,data/RAVDESS/Actor_14/03-01-07-02-02-02-14.wav
positive,RAVDESS,data/RAVDESS/Actor_14/03-01-08-01-01-01-14.wav
positive,RAVDESS,data/RAVDESS/Actor_14/03-01-08-01-01-02-14.wav
positive,RAVDESS,data/RAVDESS/Actor_14/03-01-08-01-02-01-14.wav
positive,RAVDESS,data/RAVDESS/Actor_14/03-01-08-01-02-02-14.wav
positive,RAVDESS,data/RAVDESS/Actor_14/03-01-08-02-01-01-14.wav
positive,RAVDESS,data/RAVDESS/Actor_14/03-01-08-02-01-02-14.wav
positive,RAVDESS,data/RAVDESS/Actor_14/03-01-08-02-02-01-14.wav
positive,RAVDESS,data/RAVDESS/Actor_14/03-01-08-02-02-02-14.wav
neutral,RAVDESS,data/RAVDESS/Actor_15/03-01-01-01-01-01-15.wav
neutral,RAVDESS,data/RAVDESS/Actor_15/03-01-01-01-01-02-15.wav
neutral,RAVDESS,data/RAVDESS/Actor_15/03-01-01-01-02-01-15.wav
neutral,RAVDESS,data/RAVDESS/Actor_15/03-01-01-01-02-02-15.wav
positive,RAVDESS,data/RAVDESS/Actor_15/03-01-02-01-01-01-15.wav
positive,RAVDESS,data/RAVDESS/Actor_15/03-01-02-01-01-02-15.wav
positive,RAVDESS,data/RAVDESS/Actor_15/03-01-02-01-02-01-15.wav
positive,RAVDESS,data/RAVDESS/Actor_15/03-01-02-01-02-02-15.wav
positive,RAVDESS,data/RAVDESS/Actor_15/03-01-02-02-01-01-15.wav
positive,RAVDESS,data/RAVDESS/Actor_15/03-01-02-02-01-02-15.wav
positive,RAVDESS,data/RAVDESS/Actor_15/03-01-02-02-02-01-15.wav
positive,RAVDESS,data/RAVDESS/Actor_15/03-01-02-02-02-02-15.wav
positive,RAVDESS,data/RAVDESS/Actor_15/03-01-03-01-01-01-15.wav
positive,RAVDESS,data/RAVDESS/Actor_15/03-01-03-01-01-02-15.wav
positive,RAVDESS,data/RAVDESS/Actor_15/03-01-03-01-02-01-15.wav
positive,RAVDESS,data/RAVDESS/Actor_15/03-01-03-01-02-02-15.wav
positive,RAVDESS,data/RAVDESS/Actor_15/03-01-03-02-01-01-15.wav
positive,RAVDESS,data/RAVDESS/Actor_15/03-01-03-02-01-02-15.wav
positive,RAVDESS,data/RAVDESS/Actor_15/03-01-03-02-02-01-15.wav
positive,RAVDESS,data/RAVDESS/Actor_15/03-01-03-02-02-02-15.wav
negative,RAVDESS,data/RAVDESS/Actor_15/03-01-04-01-01-01-15.wav
negative,RAVDESS,data/RAVDESS/Actor_15/03-01-04-01-01-02-15.wav
negative,RAVDESS,data/RAVDESS/Actor_15/03-01-04-01-02-01-15.wav
negative,RAVDESS,data/RAVDESS/Actor_15/03-01-04-01-02-02-15.wav
negative,RAVDESS,data/RAVDESS/Actor_15/03-01-04-02-01-01-15.wav
negative,RAVDESS,data/RAVDESS/Actor_15/03-01-04-02-01-02-15.wav
negative,RAVDESS,data/RAVDESS/Actor_15/03-01-04-02-02-01-15.wav
negative,RAVDESS,data/RAVDESS/Actor_15/03-01-04-02-02-02-15.wav
negative,RAVDESS,data/RAVDESS/Actor_15/03-01-05-01-01-01-15.wav
negative,RAVDESS,data/RAVDESS/Actor_15/03-01-05-01-01-02-15.wav
negative,RAVDESS,data/RAVDESS/Actor_15/03-01-05-01-02-01-15.wav
negative,RAVDESS,data/RAVDESS/Actor_15/03-01-05-01-02-02-15.wav
negative,RAVDESS,data/RAVDESS/Actor_15/03-01-05-02-01-01-15.wav
negative,RAVDESS,data/RAVDESS/Actor_15/03-01-05-02-01-02-15.wav
negative,RAVDESS,data/RAVDESS/Actor_15/03-01-05-02-02-01-15.wav
negative,RAVDESS,data/RAVDESS/Actor_15/03-01-05-02-02-02-15.wav
negative,RAVDESS,data/RAVDESS/Actor_15/03-01-06-01-01-01-15.wav
negative,RAVDESS,data/RAVDESS/Actor_15/03-01-06-01-01-02-15.wav
negative,RAVDESS,data/RAVDESS/Actor_15/03-01-06-01-02-01-15.wav
negative,RAVDESS,data/RAVDESS/Actor_15/03-01-06-01-02-02-15.wav
negative,RAVDESS,data/RAVDESS/Actor_15/03-01-06-02-01-01-15.wav
negative,RAVDESS,data/RAVDESS/Actor_15/03-01-06-02-01-02-15.wav
negative,RAVDESS,data/RAVDESS/Actor_15/03-01-06-02-02-01-15.wav
negative,RAVDESS,data/RAVDESS/Actor_15/03-01-06-02-02-02-15.wav
negative,RAVDESS,data/RAVDESS/Actor_15/03-01-07-01-01-01-15.wav
negative,RAVDESS,data/RAVDESS/Actor_15/03-01-07-01-01-02-15.wav
negative,RAVDESS,data/RAVDESS/Actor_15/03-01-07-01-02-01-15.wav
negative,RAVDESS,data/RAVDESS/Actor_15/03-01-07-01-02-02-15.wav
negative,RAVDESS,data/RAVDESS/Actor_15/03-01-07-02-01-01-15.wav
negative,RAVDESS,data/RAVDESS/Actor_15/03-01-07-02-01-02-15.wav
negative,RAVDESS,data/RAVDESS/Actor_15/03-01-07-02-02-01-15.wav
negative,RAVDESS,data/RAVDESS/Actor_15/03-01-07-02-02-02-15.wav
positive,RAVDESS,data/RAVDESS/Actor_15/03-01-08-01-01-01-15.wav
positive,RAVDESS,data/RAVDESS/Actor_15/03-01-08-01-01-02-15.wav
positive,RAVDESS,data/RAVDESS/Actor_15/03-01-08-01-02-01-15.wav
positive,RAVDESS,data/RAVDESS/Actor_15/03-01-08-01-02-02-15.wav
positive,RAVDESS,data/RAVDESS/Actor_15/03-01-08-02-01-01-15.wav
positive,RAVDESS,data/RAVDESS/Actor_15/03-01-08-02-01-02-15.wav
positive,RAVDESS,data/RAVDESS/Actor_15/03-01-08-02-02-01-15.wav
positive,RAVDESS,data/RAVDESS/Actor_15/03-01-08-02-02-02-15.wav
neutral,RAVDESS,data/RAVDESS/Actor_16/03-01-01-01-01-01-16.wav
neutral,RAVDESS,data/RAVDESS/Actor_16/03-01-01-01-01-02-16.wav
neutral,RAVDESS,data/RAVDESS/Actor_16/03-01-01-01-02-01-16.wav
neutral,RAVDESS,data/RAVDESS/Actor_16/03-01-01-01-02-02-16.wav
positive,RAVDESS,data/RAVDESS/Actor_16/03-01-02-01-01-01-16.wav
positive,RAVDESS,data/RAVDESS/Actor_16/03-01-02-01-01-02-16.wav
positive,RAVDESS,data/RAVDESS/Actor_16/03-01-02-01-02-01-16.wav
positive,RAVDESS,data/RAVDESS/Actor_16/03-01-02-01-02-02-16.wav
positive,RAVDESS,data/RAVDESS/Actor_16/03-01-02-02-01-01-16.wav
positive,RAVDESS,data/RAVDESS/Actor_16/03-01-02-02-01-02-16.wav
positive,RAVDESS,data/RAVDESS/Actor_16/03-01-02-02-02-01-16.wav
positive,RAVDESS,data/RAVDESS/Actor_16/03-01-02-02-02-02-16.wav
positive,RAVDESS,data/RAVDESS/Actor_16/03-01-03-01-01-01-16.wav
positive,RAVDESS,data/RAVDESS/Actor_16/03-01-03-01-01-02-16.wav
positive,RAVDESS,data/RAVDESS/Actor_16/03-01-03-01-02-01-16.wav
positive,RAVDESS,data/RAVDESS/Actor_16/03-01-03-01-02-02-16.wav
positive,RAVDESS,data/RAVDESS/Actor_16/03-01-03-02-01-01-16.wav
positive,RAVDESS,data/RAVDESS/Actor_16/03-01-03-02-01-02-16.wav
positive,RAVDESS,data/RAVDESS/Actor_16/03-01-03-02-02-01-16.wav
positive,RAVDESS,data/RAVDESS/Actor_16/03-01-03-02-02-02-16.wav
negative,RAVDESS,data/RAVDESS/Actor_16/03-01-04-01-01-01-16.wav
negative,RAVDESS,data/RAVDESS/Actor_16/03-01-04-01-01-02-16.wav
negative,RAVDESS,data/RAVDESS/Actor_16/03-01-04-01-02-01-16.wav
negative,RAVDESS,data/RAVDESS/Actor_16/03-01-04-01-02-02-16.wav
negative,RAVDESS,data/RAVDESS/Actor_16/03-01-04-02-01-01-16.wav
negative,RAVDESS,data/RAVDESS/Actor_16/03-01-04-02-01-02-16.wav
negative,RAVDESS,data/RAVDESS/Actor_16/03-01-04-02-02-01-16.wav
negative,RAVDESS,data/RAVDESS/Actor_16/03-01-04-02-02-02-16.wav
negative,RAVDESS,data/RAVDESS/Actor_16/03-01-05-01-01-01-16.wav
negative,RAVDESS,data/RAVDESS/Actor_16/03-01-05-01-01-02-16.wav
negative,RAVDESS,data/RAVDESS/Actor_16/03-01-05-01-02-01-16.wav
negative,RAVDESS,data/RAVDESS/Actor_16/03-01-05-01-02-02-16.wav
negative,RAVDESS,data/RAVDESS/Actor_16/03-01-05-02-01-01-16.wav
negative,RAVDESS,data/RAVDESS/Actor_16/03-01-05-02-01-02-16.wav
negative,RAVDESS,data/RAVDESS/Actor_16/03-01-05-02-02-01-16.wav
negative,RAVDESS,data/RAVDESS/Actor_16/03-01-05-02-02-02-16.wav
negative,RAVDESS,data/RAVDESS/Actor_16/03-01-06-01-01-01-16.wav
negative,RAVDESS,data/RAVDESS/Actor_16/03-01-06-01-01-02-16.wav
negative,RAVDESS,data/RAVDESS/Actor_16/03-01-06-01-02-01-16.wav
negative,RAVDESS,data/RAVDESS/Actor_16/03-01-06-01-02-02-16.wav
negative,RAVDESS,data/RAVDESS/Actor_16/03-01-06-02-01-01-16.wav
negative,RAVDESS,data/RAVDESS/Actor_16/03-01-06-02-01-02-16.wav
negative,RAVDESS,data/RAVDESS/Actor_16/03-01-06-02-02-01-16.wav
negative,RAVDESS,data/RAVDESS/Actor_16/03-01-06-02-02-02-16.wav
negative,RAVDESS,data/RAVDESS/Actor_16/03-01-07-01-01-01-16.wav
negative,RAVDESS,data/RAVDESS/Actor_16/03-01-07-01-01-02-16.wav
negative,RAVDESS,data/RAVDESS/Actor_16/03-01-07-01-02-01-16.wav
negative,RAVDESS,data/RAVDESS/Actor_16/03-01-07-01-02-02-16.wav
negative,RAVDESS,data/RAVDESS/Actor_16/03-01-07-02-01-01-16.wav
negative,RAVDESS,data/RAVDESS/Actor_16/03-01-07-02-01-02-16.wav
negative,RAVDESS,data/RAVDESS/Actor_16/03-01-07-02-02-01-16.wav
negative,RAVDESS,data/RAVDESS/Actor_16/03-01-07-02-02-02-16.wav
positive,RAVDESS,data/RAVDESS/Actor_16/03-01-08-01-01-01-16.wav
positive,RAVDESS,data/RAVDESS/Actor_16/03-01-08-01-01-02-16.wav
positive,RAVDESS,data/RAVDESS/Actor_16/03-01-08-01-02-01-16.wav
positive,RAVDESS,data/RAVDESS/Actor_16/03-01-08-01-02-02-16.wav
positive,RAVDESS,data/RAVDESS/Actor_16/03-01-08-02-01-01-16.wav
positive,RAVDESS,data/RAVDESS/Actor_16/03-01-08-02-01-02-16.wav
positive,RAVDESS,data/RAVDESS/Actor_16/03-01-08-02-02-01-16.wav
positive,RAVDESS,data/RAVDESS/Actor_16/03-01-08-02-02-02-16.wav
neutral,RAVDESS,data/RAVDESS/Actor_17/03-01-01-01-01-01-17.wav
neutral,RAVDESS,data/RAVDESS/Actor_17/03-01-01-01-01-02-17.wav
neutral,RAVDESS,data/RAVDESS/Actor_17/03-01-01-01-02-01-17.wav
neutral,RAVDESS,data/RAVDESS/Actor_17/03-01-01-01-02-02-17.wav
positive,RAVDESS,data/RAVDESS/Actor_17/03-01-02-01-01-01-17.wav
positive,RAVDESS,data/RAVDESS/Actor_17/03-01-02-01-01-02-17.wav
positive,RAVDESS,data/RAVDESS/Actor_17/03-01-02-01-02-01-17.wav
positive,RAVDESS,data/RAVDESS/Actor_17/03-01-02-01-02-02-17.wav
positive,RAVDESS,data/RAVDESS/Actor_17/03-01-02-02-01-01-17.wav
positive,RAVDESS,data/RAVDESS/Actor_17/03-01-02-02-01-02-17.wav
positive,RAVDESS,data/RAVDESS/Actor_17/03-01-02-02-02-01-17.wav
positive,RAVDESS,data/RAVDESS/Actor_17/03-01-02-02-02-02-17.wav
positive,RAVDESS,data/RAVDESS/Actor_17/03-01-03-01-01-01-17.wav
positive,RAVDESS,data/RAVDESS/Actor_17/03-01-03-01-01-02-17.wav
positive,RAVDESS,data/RAVDESS/Actor_17/03-01-03-01-02-01-17.wav
positive,RAVDESS,data/RAVDESS/Actor_17/03-01-03-01-02-02-17.wav
positive,RAVDESS,data/RAVDESS/Actor_17/03-01-03-02-01-01-17.wav
positive,RAVDESS,data/RAVDESS/Actor_17/03-01-03-02-01-02-17.wav
positive,RAVDESS,data/RAVDESS/Actor_17/03-01-03-02-02-01-17.wav
positive,RAVDESS,data/RAVDESS/Actor_17/03-01-03-02-02-02-17.wav
negative,RAVDESS,data/RAVDESS/Actor_17/03-01-04-01-01-01-17.wav
negative,RAVDESS,data/RAVDESS/Actor_17/03-01-04-01-01-02-17.wav
negative,RAVDESS,data/RAVDESS/Actor_17/03-01-04-01-02-01-17.wav
negative,RAVDESS,data/RAVDESS/Actor_17/03-01-04-01-02-02-17.wav
negative,RAVDESS,data/RAVDESS/Actor_17/03-01-04-02-01-01-17.wav
negative,RAVDESS,data/RAVDESS/Actor_17/03-01-04-02-01-02-17.wav
negative,RAVDESS,data/RAVDESS/Actor_17/03-01-04-02-02-01-17.wav
negative,RAVDESS,data/RAVDESS/Actor_17/03-01-04-02-02-02-17.wav
negative,RAVDESS,data/RAVDESS/Actor_17/03-01-05-01-01-01-17.wav
negative,RAVDESS,data/RAVDESS/Actor_17/03-01-05-01-01-02-17.wav
negative,RAVDESS,data/RAVDESS/Actor_17/03-01-05-01-02-01-17.wav
negative,RAVDESS,data/RAVDESS/Actor_17/03-01-05-01-02-02-17.wav
negative,RAVDESS,data/RAVDESS/Actor_17/03-01-05-02-01-01-17.wav
negative,RAVDESS,data/RAVDESS/Actor_17/03-01-05-02-01-02-17.wav
negative,RAVDESS,data/RAVDESS/Actor_17/03-01-05-02-02-01-17.wav
negative,RAVDESS,data/RAVDESS/Actor_17/03-01-05-02-02-02-17.wav
negative,RAVDESS,data/RAVDESS/Actor_17/03-01-06-01-01-01-17.wav
negative,RAVDESS,data/RAVDESS/Actor_17/03-01-06-01-01-02-17.wav
negative,RAVDESS,data/RAVDESS/Actor_17/03-01-06-01-02-01-17.wav
negative,RAVDESS,data/RAVDESS/Actor_17/03-01-06-01-02-02-17.wav
negative,RAVDESS,data/RAVDESS/Actor_17/03-01-06-02-01-01-17.wav
negative,RAVDESS,data/RAVDESS/Actor_17/03-01-06-02-01-02-17.wav
negative,RAVDESS,data/RAVDESS/Actor_17/03-01-06-02-02-01-17.wav
negative,RAVDESS,data/RAVDESS/Actor_17/03-01-06-02-02-02-17.wav
negative,RAVDESS,data/RAVDESS/Actor_17/03-01-07-01-01-01-17.wav
negative,RAVDESS,data/RAVDESS/Actor_17/03-01-07-01-01-02-17.wav
negative,RAVDESS,data/RAVDESS/Actor_17/03-01-07-01-02-01-17.wav
negative,RAVDESS,data/RAVDESS/Actor_17/03-01-07-01-02-02-17.wav
negative,RAVDESS,data/RAVDESS/Actor_17/03-01-07-02-01-01-17.wav
negative,RAVDESS,data/RAVDESS/Actor_17/03-01-07-02-01-02-17.wav
negative,RAVDESS,data/RAVDESS/Actor_17/03-01-07-02-02-01-17.wav
negative,RAVDESS,data/RAVDESS/Actor_17/03-01-07-02-02-02-17.wav
positive,RAVDESS,data/RAVDESS/Actor_17/03-01-08-01-01-01-17.wav
positive,RAVDESS,data/RAVDESS/Actor_17/03-01-08-01-01-02-17.wav
positive,RAVDESS,data/RAVDESS/Actor_17/03-01-08-01-02-01-17.wav
positive,RAVDESS,data/RAVDESS/Actor_17/03-01-08-01-02-02-17.wav
positive,RAVDESS,data/RAVDESS/Actor_17/03-01-08-02-01-01-17.wav
positive,RAVDESS,data/RAVDESS/Actor_17/03-01-08-02-01-02-17.wav
positive,RAVDESS,data/RAVDESS/Actor_17/03-01-08-02-02-01-17.wav
positive,RAVDESS,data/RAVDESS/Actor_17/03-01-08-02-02-02-17.wav
neutral,RAVDESS,data/RAVDESS/Actor_18/03-01-01-01-01-01-18.wav
neutral,RAVDESS,data/RAVDESS/Actor_18/03-01-01-01-01-02-18.wav
neutral,RAVDESS,data/RAVDESS/Actor_18/03-01-01-01-02-01-18.wav
neutral,RAVDESS,data/RAVDESS/Actor_18/03-01-01-01-02-02-18.wav
positive,RAVDESS,data/RAVDESS/Actor_18/03-01-02-01-01-01-18.wav
positive,RAVDESS,data/RAVDESS/Actor_18/03-01-02-01-01-02-18.wav
positive,RAVDESS,data/RAVDESS/Actor_18/03-01-02-01-02-01-18.wav
positive,RAVDESS,data/RAVDESS/Actor_18/03-01-02-01-02-02-18.wav
positive,RAVDESS,data/RAVDESS/Actor_18/03-01-02-02-01-01-18.wav
positive,RAVDESS,data/RAVDESS/Actor_18/03-01-02-02-01-02-18.wav
positive,RAVDESS,data/RAVDESS/Actor_18/03-01-02-02-02-01-18.wav
positive,RAVDESS,data/RAVDESS/Actor_18/03-01-02-02-02-02-18.wav
positive,RAVDESS,data/RAVDESS/Actor_18/03-01-03-01-01-01-18.wav
positive,RAVDESS,data/RAVDESS/Actor_18/03-01-03-01-01-02-18.wav
positive,RAVDESS,data/RAVDESS/Actor_18/03-01-03-01-02-01-18.wav
positive,RAVDESS,data/RAVDESS/Actor_18/03-01-03-01-02-02-18.wav
positive,RAVDESS,data/RAVDESS/Actor_18/03-01-03-02-01-01-18.wav
positive,RAVDESS,data/RAVDESS/Actor_18/03-01-03-02-01-02-18.wav
positive,RAVDESS,data/RAVDESS/Actor_18/03-01-03-02-02-01-18.wav
positive,RAVDESS,data/RAVDESS/Actor_18/03-01-03-02-02-02-18.wav
negative,RAVDESS,data/RAVDESS/Actor_18/03-01-04-01-01-01-18.wav
negative,RAVDESS,data/RAVDESS/Actor_18/03-01-04-01-01-02-18.wav
negative,RAVDESS,data/RAVDESS/Actor_18/03-01-04-01-02-01-18.wav
negative,RAVDESS,data/RAVDESS/Actor_18/03-01-04-01-02-02-18.wav
negative,RAVDESS,data/RAVDESS/Actor_18/03-01-04-02-01-01-18.wav
negative,RAVDESS,data/RAVDESS/Actor_18/03-01-04-02-01-02-18.wav
negative,RAVDESS,data/RAVDESS/Actor_18/03-01-04-02-02-01-18.wav
negative,RAVDESS,data/RAVDESS/Actor_18/03-01-04-02-02-02-18.wav
negative,RAVDESS,data/RAVDESS/Actor_18/03-01-05-01-01-01-18.wav
negative,RAVDESS,data/RAVDESS/Actor_18/03-01-05-01-01-02-18.wav
negative,RAVDESS,data/RAVDESS/Actor_18/03-01-05-01-02-01-18.wav
negative,RAVDESS,data/RAVDESS/Actor_18/03-01-05-01-02-02-18.wav
negative,RAVDESS,data/RAVDESS/Actor_18/03-01-05-02-01-01-18.wav
negative,RAVDESS,data/RAVDESS/Actor_18/03-01-05-02-01-02-18.wav
negative,RAVDESS,data/RAVDESS/Actor_18/03-01-05-02-02-01-18.wav
negative,RAVDESS,data/RAVDESS/Actor_18/03-01-05-02-02-02-18.wav
negative,RAVDESS,data/RAVDESS/Actor_18/03-01-06-01-01-01-18.wav
negative,RAVDESS,data/RAVDESS/Actor_18/03-01-06-01-01-02-18.wav
negative,RAVDESS,data/RAVDESS/Actor_18/03-01-06-01-02-01-18.wav
negative,RAVDESS,data/RAVDESS/Actor_18/03-01-06-01-02-02-18.wav
negative,RAVDESS,data/RAVDESS/Actor_18/03-01-06-02-01-01-18.wav
negative,RAVDESS,data/RAVDESS/Actor_18/03-01-06-02-01-02-18.wav
negative,RAVDESS,data/RAVDESS/Actor_18/03-01-06-02-02-01-18.wav
negative,RAVDESS,data/RAVDESS/Actor_18/03-01-06-02-02-02-18.wav
negative,RAVDESS,data/RAVDESS/Actor_18/03-01-07-01-01-01-18.wav
negative,RAVDESS,data/RAVDESS/Actor_18/03-01-07-01-01-02-18.wav
negative,RAVDESS,data/RAVDESS/Actor_18/03-01-07-01-02-01-18.wav
negative,RAVDESS,data/RAVDESS/Actor_18/03-01-07-01-02-02-18.wav
negative,RAVDESS,data/RAVDESS/Actor_18/03-01-07-02-01-01-18.wav
negative,RAVDESS,data/RAVDESS/Actor_18/03-01-07-02-01-02-18.wav
negative,RAVDESS,data/RAVDESS/Actor_18/03-01-07-02-02-01-18.wav
negative,RAVDESS,data/RAVDESS/Actor_18/03-01-07-02-02-02-18.wav
positive,RAVDESS,data/RAVDESS/Actor_18/03-01-08-01-01-01-18.wav
positive,RAVDESS,data/RAVDESS/Actor_18/03-01-08-01-01-02-18.wav
positive,RAVDESS,data/RAVDESS/Actor_18/03-01-08-01-02-01-18.wav
positive,RAVDESS,data/RAVDESS/Actor_18/03-01-08-01-02-02-18.wav
positive,RAVDESS,data/RAVDESS/Actor_18/03-01-08-02-01-01-18.wav
positive,RAVDESS,data/RAVDESS/Actor_18/03-01-08-02-01-02-18.wav
positive,RAVDESS,data/RAVDESS/Actor_18/03-01-08-02-02-01-18.wav
positive,RAVDESS,data/RAVDESS/Actor_18/03-01-08-02-02-02-18.wav
neutral,RAVDESS,data/RAVDESS/Actor_19/03-01-01-01-01-01-19.wav
neutral,RAVDESS,data/RAVDESS/Actor_19/03-01-01-01-01-02-19.wav
neutral,RAVDESS,data/RAVDESS/Actor_19/03-01-01-01-02-01-19.wav
neutral,RAVDESS,data/RAVDESS/Actor_19/03-01-01-01-02-02-19.wav
positive,RAVDESS,data/RAVDESS/Actor_19/03-01-02-01-01-01-19.wav
positive,RAVDESS,data/RAVDESS/Actor_19/03-01-02-01-01-02-19.wav
positive,RAVDESS,data/RAVDESS/Actor_19/03-01-02-01-02-01-19.wav
positive,RAVDESS,data/RAVDESS/Actor_19/03-01-02-01-02-02-19.wav
positive,RAVDESS,data/RAVDESS/Actor_19/03-01-02-02-01-01-19.wav
positive,RAVDESS,data/RAVDESS/Actor_19/03-01-02-02-01-02-19.wav
positive,RAVDESS,data/RAVDESS/Actor_19/03-01-02-02-02-01-19.wav
positive,RAVDESS,data/RAVDESS/Actor_19/03-01-02-02-02-02-19.wav
positive,RAVDESS,data/RAVDESS/Actor_19/03-01-03-01-01-01-19.wav
positive,RAVDESS,data/RAVDESS/Actor_19/03-01-03-01-01-02-19.wav
positive,RAVDESS,data/RAVDESS/Actor_19/03-01-03-01-02-01-19.wav
positive,RAVDESS,data/RAVDESS/Actor_19/03-01-03-01-02-02-19.wav
positive,RAVDESS,data/RAVDESS/Actor_19/03-01-03-02-01-01-19.wav
positive,RAVDESS,data/RAVDESS/Actor_19/03-01-03-02-01-02-19.wav
positive,RAVDESS,data/RAVDESS/Actor_19/03-01-03-02-02-01-19.wav
positive,RAVDESS,data/RAVDESS/Actor_19/03-01-03-02-02-02-19.wav
negative,RAVDESS,data/RAVDESS/Actor_19/03-01-04-01-01-01-19.wav
negative,RAVDESS,data/RAVDESS/Actor_19/03-01-04-01-01-02-19.wav
negative,RAVDESS,data/RAVDESS/Actor_19/03-01-04-01-02-01-19.wav
negative,RAVDESS,data/RAVDESS/Actor_19/03-01-04-01-02-02-19.wav
negative,RAVDESS,data/RAVDESS/Actor_19/03-01-04-02-01-01-19.wav
negative,RAVDESS,data/RAVDESS/Actor_19/03-01-04-02-01-02-19.wav
negative,RAVDESS,data/RAVDESS/Actor_19/03-01-04-02-02-01-19.wav
negative,RAVDESS,data/RAVDESS/Actor_19/03-01-04-02-02-02-19.wav
negative,RAVDESS,data/RAVDESS/Actor_19/03-01-05-01-01-01-19.wav
negative,RAVDESS,data/RAVDESS/Actor_19/03-01-05-01-01-02-19.wav
negative,RAVDESS,data/RAVDESS/Actor_19/03-01-05-01-02-01-19.wav
negative,RAVDESS,data/RAVDESS/Actor_19/03-01-05-01-02-02-19.wav
negative,RAVDESS,data/RAVDESS/Actor_19/03-01-05-02-01-01-19.wav
negative,RAVDESS,data/RAVDESS/Actor_19/03-01-05-02-01-02-19.wav
negative,RAVDESS,data/RAVDESS/Actor_19/03-01-05-02-02-01-19.wav
negative,RAVDESS,data/RAVDESS/Actor_19/03-01-05-02-02-02-19.wav
negative,RAVDESS,data/RAVDESS/Actor_19/03-01-06-01-01-01-19.wav
negative,RAVDESS,data/RAVDESS/Actor_19/03-01-06-01-01-02-19.wav
negative,RAVDESS,data/RAVDESS/Actor_19/03-01-06-01-02-01-19.wav
negative,RAVDESS,data/RAVDESS/Actor_19/03-01-06-01-02-02-19.wav
negative,RAVDESS,data/RAVDESS/Actor_19/03-01-06-02-01-01-19.wav
negative,RAVDESS,data/RAVDESS/Actor_19/03-01-06-02-01-02-19.wav
negative,RAVDESS,data/RAVDESS/Actor_19/03-01-06-02-02-01-19.wav
negative,RAVDESS,data/RAVDESS/Actor_19/03-01-06-02-02-02-19.wav
negative,RAVDESS,data/RAVDESS/Actor_19/03-01-07-01-01-01-19.wav
negative,RAVDESS,data/RAVDESS/Actor_19/03-01-07-01-01-02-19.wav
negative,RAVDESS,data/RAVDESS/Actor_19/03-01-07-01-02-01-19.wav
negative,RAVDESS,data/RAVDESS/Actor_19/03-01-07-01-02-02-19.wav
negative,RAVDESS,data/RAVDESS/Actor_19/03-01-07-02-01-01-19.wav
negative,RAVDESS,data/RAVDESS/Actor_19/03-01-07-02-01-02-19.wav
negative,RAVDESS,data/RAVDESS/Actor_19/03-01-07-02-02-01-19.wav
negative,RAVDESS,data/RAVDESS/Actor_19/03-01-07-02-02-02-19.wav
positive,RAVDESS,data/RAVDESS/Actor_19/03-01-08-01-01-01-19.wav
positive,RAVDESS,data/RAVDESS/Actor_19/03-01-08-01-01-02-19.wav
positive,RAVDESS,data/RAVDESS/Actor_19/03-01-08-01-02-01-19.wav
positive,RAVDESS,data/RAVDESS/Actor_19/03-01-08-01-02-02-19.wav
positive,RAVDESS,data/RAVDESS/Actor_19/03-01-08-02-01-01-19.wav
positive,RAVDESS,data/RAVDESS/Actor_19/03-01-08-02-01-02-19.wav
positive,RAVDESS,data/RAVDESS/Actor_19/03-01-08-02-02-01-19.wav
positive,RAVDESS,data/RAVDESS/Actor_19/03-01-08-02-02-02-19.wav
neutral,RAVDESS,data/RAVDESS/Actor_20/03-01-01-01-01-01-20.wav
neutral,RAVDESS,data/RAVDESS/Actor_20/03-01-01-01-01-02-20.wav
neutral,RAVDESS,data/RAVDESS/Actor_20/03-01-01-01-02-01-20.wav
neutral,RAVDESS,data/RAVDESS/Actor_20/03-01-01-01-02-02-20.wav
positive,RAVDESS,data/RAVDESS/Actor_20/03-01-02-01-01-01-20.wav
positive,RAVDESS,data/RAVDESS/Actor_20/03-01-02-01-01-02-20.wav
positive,RAVDESS,data/RAVDESS/Actor_20/03-01-02-01-02-01-20.wav
positive,RAVDESS,data/RAVDESS/Actor_20/03-01-02-01-02-02-20.wav
positive,RAVDESS,data/RAVDESS/Actor_20/03-01-02-02-01-01-20.wav
positive,RAVDESS,data/RAVDESS/Actor_20/03-01-02-02-01-02-20.wav
positive,RAVDESS,data/RAVDESS/Actor_20/03-01-02-02-02-01-20.wav
positive,RAVDESS,data/RAVDESS/Actor_20/03-01-02-02-02-02-20.wav
positive,RAVDESS,data/RAVDESS/Actor_20/03-01-03-01-01-01-20.wav
positive,RAVDESS,data/RAVDESS/Actor_20/03-01-03-01-01-02-20.wav
positive,RAVDESS,data/RAVDESS/Actor_20/03-01-03-01-02-01-20.wav
positive,RAVDESS,data/RAVDESS/Actor_20/03-01-03-01-02-02-20.wav
positive,RAVDESS,data/RAVDESS/Actor_20/03-01-03-02-01-01-20.wav
positive,RAVDESS,data/RAVDESS/Actor_20/03-01-03-02-01-02-20.wav
positive,RAVDESS,data/RAVDESS/Actor_20/03-01-03-02-02-01-20.wav
positive,RAVDESS,data/RAVDESS/Actor_20/03-01-03-02-02-02-20.wav
negative,RAVDESS,data/RAVDESS/Actor_20/03-01-04-01-01-01-20.wav
negative,RAVDESS,data/RAVDESS/Actor_20/03-01-04-01-01-02-20.wav
negative,RAVDESS,data/RAVDESS/Actor_20/03-01-04-01-02-01-20.wav
negative,RAVDESS,data/RAVDESS/Actor_20/03-01-04-01-02-02-20.wav
negative,RAVDESS,data/RAVDESS/Actor_20/03-01-04-02-01-01-20.wav
negative,RAVDESS,data/RAVDESS/Actor_20/03-01-04-02-01-02-20.wav
negative,RAVDESS,data/RAVDESS/Actor_20/03-01-04-02-02-01-20.wav
negative,RAVDESS,data/RAVDESS/Actor_20/03-01-04-02-02-02-20.wav
negative,RAVDESS,data/RAVDESS/Actor_20/03-01-05-01-01-01-20.wav
negative,RAVDESS,data/RAVDESS/Actor_20/03-01-05-01-01-02-20.wav
negative,RAVDESS,data/RAVDESS/Actor_20/03-01-05-01-02-01-20.wav
negative,RAVDESS,data/RAVDESS/Actor_20/03-01-05-01-02-02-20.wav
negative,RAVDESS,data/RAVDESS/Actor_20/03-01-05-02-01-01-20.wav
negative,RAVDESS,data/RAVDESS/Actor_20/03-01-05-02-01-02-20.wav
negative,RAVDESS,data/RAVDESS/Actor_20/03-01-05-02-02-01-20.wav
negative,RAVDESS,data/RAVDESS/Actor_20/03-01-05-02-02-02-20.wav
negative,RAVDESS,data/RAVDESS/Actor_20/03-01-06-01-01-01-20.wav
negative,RAVDESS,data/RAVDESS/Actor_20/03-01-06-01-01-02-20.wav
negative,RAVDESS,data/RAVDESS/Actor_20/03-01-06-01-02-01-20.wav
negative,RAVDESS,data/RAVDESS/Actor_20/03-01-06-01-02-02-20.wav
negative,RAVDESS,data/RAVDESS/Actor_20/03-01-06-02-01-01-20.wav
negative,RAVDESS,data/RAVDESS/Actor_20/03-01-06-02-01-02-20.wav
negative,RAVDESS,data/RAVDESS/Actor_20/03-01-06-02-02-01-20.wav
negative,RAVDESS,data/RAVDESS/Actor_20/03-01-06-02-02-02-20.wav
negative,RAVDESS,data/RAVDESS/Actor_20/03-01-07-01-01-01-20.wav
negative,RAVDESS,data/RAVDESS/Actor_20/03-01-07-01-01-02-20.wav
negative,RAVDESS,data/RAVDESS/Actor_20/03-01-07-01-02-01-20.wav
negative,RAVDESS,data/RAVDESS/Actor_20/03-01-07-01-02-02-20.wav
negative,RAVDESS,data/RAVDESS/Actor_20/03-01-07-02-01-01-20.wav
negative,RAVDESS,data/RAVDESS/Actor_20/03-01-07-02-01-02-20.wav
negative,RAVDESS,data/RAVDESS/Actor_20/03-01-07-02-02-01-20.wav
negative,RAVDESS,data/RAVDESS/Actor_20/03-01-07-02-02-02-20.wav
positive,RAVDESS,data/RAVDESS/Actor_20/03-01-08-01-01-01-20.wav
positive,RAVDESS,data/RAVDESS/Actor_20/03-01-08-01-01-02-20.wav
positive,RAVDESS,data/RAVDESS/Actor_20/03-01-08-01-02-01-20.wav
positive,RAVDESS,data/RAVDESS/Actor_20/03-01-08-01-02-02-20.wav
positive,RAVDESS,data/RAVDESS/Actor_20/03-01-08-02-01-01-20.wav
positive,RAVDESS,data/RAVDESS/Actor_20/03-01-08-02-01-02-20.wav
positive,RAVDESS,data/RAVDESS/Actor_20/03-01-08-02-02-01-20.wav
positive,RAVDESS,data/RAVDESS/Actor_20/03-01-08-02-02-02-20.wav
neutral,RAVDESS,data/RAVDESS/Actor_21/03-01-01-01-01-01-21.wav
neutral,RAVDESS,data/RAVDESS/Actor_21/03-01-01-01-01-02-21.wav
neutral,RAVDESS,data/RAVDESS/Actor_21/03-01-01-01-02-01-21.wav
neutral,RAVDESS,data/RAVDESS/Actor_21/03-01-01-01-02-02-21.wav
positive,RAVDESS,data/RAVDESS/Actor_21/03-01-02-01-01-01-21.wav
positive,RAVDESS,data/RAVDESS/Actor_21/03-01-02-01-01-02-21.wav
positive,RAVDESS,data/RAVDESS/Actor_21/03-01-02-01-02-01-21.wav
positive,RAVDESS,data/RAVDESS/Actor_21/03-01-02-01-02-02-21.wav
positive,RAVDESS,data/RAVDESS/Actor_21/03-01-02-02-01-01-21.wav
positive,RAVDESS,data/RAVDESS/Actor_21/03-01-02-02-01-02-21.wav
positive,RAVDESS,data/RAVDESS/Actor_21/03-01-02-02-02-01-21.wav
positive,RAVDESS,data/RAVDESS/Actor_21/03-01-02-02-02-02-21.wav
positive,RAVDESS,data/RAVDESS/Actor_21/03-01-03-01-01-01-21.wav
positive,RAVDESS,data/RAVDESS/Actor_21/03-01-03-01-01-02-21.wav
positive,RAVDESS,data/RAVDESS/Actor_21/03-01-03-01-02-01-21.wav
positive,RAVDESS,data/RAVDESS/Actor_21/03-01-03-01-02-02-21.wav
positive,RAVDESS,data/RAVDESS/Actor_21/03-01-03-02-01-01-21.wav
positive,RAVDESS,data/RAVDESS/Actor_21/03-01-03-02-01-02-21.wav
positive,RAVDESS,data/RAVDESS/Actor_21/03-01-03-02-02-01-21.wav
positive,RAVDESS,data/RAVDESS/Actor_21/03-01-03-02-02-02-21.wav
negative,RAVDESS,data/RAVDESS/Actor_21/03-01-04-01-01-01-21.wav
negative,RAVDESS,data/RAVDESS/Actor_21/03-01-04-01-01-02-21.wav
negative,RAVDESS,data/RAVDESS/Actor_21/03-01-04-01-02-01-21.wav
negative,RAVDESS,data/RAVDESS/Actor_21/03-01-04-01-02-02-21.wav
negative,RAVDESS,data/RAVDESS/Actor_21/03-01-04-02-01-01-21.wav
negative,RAVDESS,data/RAVDESS/Actor_21/03-01-04-02-01-02-21.wav
negative,RAVDESS,data/RAVDESS/Actor_21/03-01-04-02-02-01-21.wav
negative,RAVDESS,data/RAVDESS/Actor_21/03-01-04-02-02-02-21.wav
negative,RAVDESS,data/RAVDESS/Actor_21/03-01-05-01-01-01-21.wav
negative,RAVDESS,data/RAVDESS/Actor_21/03-01-05-01-01-02-21.wav
negative,RAVDESS,data/RAVDESS/Actor_21/03-01-05-01-02-01-21.wav
negative,RAVDESS,data/RAVDESS/Actor_21/03-01-05-01-02-02-21.wav
negative,RAVDESS,data/RAVDESS/Actor_21/03-01-05-02-01-01-21.wav
negative,RAVDESS,data/RAVDESS/Actor_21/03-01-05-02-01-02-21.wav
negative,RAVDESS,data/RAVDESS/Actor_21/03-01-05-02-02-01-21.wav
negative,RAVDESS,data/RAVDESS/Actor_21/03-01-05-02-02-02-21.wav
negative,RAVDESS,data/RAVDESS/Actor_21/03-01-06-01-01-01-21.wav
negative,RAVDESS,data/RAVDESS/Actor_21/03-01-06-01-01-02-21.wav
negative,RAVDESS,data/RAVDESS/Actor_21/03-01-06-01-02-01-21.wav
negative,RAVDESS,data/RAVDESS/Actor_21/03-01-06-01-02-02-21.wav
negative,RAVDESS,data/RAVDESS/Actor_21/03-01-06-02-01-01-21.wav
negative,RAVDESS,data/RAVDESS/Actor_21/03-01-06-02-01-02-21.wav
negative,RAVDESS,data/RAVDESS/Actor_21/03-01-06-02-02-01-21.wav
negative,RAVDESS,data/RAVDESS/Actor_21/03-01-06-02-02-02-21.wav
negative,RAVDESS,data/RAVDESS/Actor_21/03-01-07-01-01-01-21.wav
negative,RAVDESS,data/RAVDESS/Actor_21/03-01-07-01-01-02-21.wav
negative,RAVDESS,data/RAVDESS/Actor_21/03-01-07-01-02-01-21.wav
negative,RAVDESS,data/RAVDESS/Actor_21/03-01-07-01-02-02-21.wav
negative,RAVDESS,data/RAVDESS/Actor_21/03-01-07-02-01-01-21.wav
negative,RAVDESS,data/RAVDESS/Actor_21/03-01-07-02-01-02-21.wav
negative,RAVDESS,data/RAVDESS/Actor_21/03-01-07-02-02-01-21.wav
negative,RAVDESS,data/RAVDESS/Actor_21/03-01-07-02-02-02-21.wav
positive,RAVDESS,data/RAVDESS/Actor_21/03-01-08-01-01-01-21.wav
positive,RAVDESS,data/RAVDESS/Actor_21/03-01-08-01-01-02-21.wav
positive,RAVDESS,data/RAVDESS/Actor_21/03-01-08-01-02-01-21.wav
positive,RAVDESS,data/RAVDESS/Actor_21/03-01-08-01-02-02-21.wav
positive,RAVDESS,data/RAVDESS/Actor_21/03-01-08-02-01-01-21.wav
positive,RAVDESS,data/RAVDESS/Actor_21/03-01-08-02-01-02-21.wav
positive,RAVDESS,data/RAVDESS/Actor_21/03-01-08-02-02-01-21.wav
positive,RAVDESS,data/RAVDESS/Actor_21/03-01-08-02-02-02-21.wav
neutral,RAVDESS,data/RAVDESS/Actor_22/03-01-01-01-01-01-22.wav
neutral,RAVDESS,data/RAVDESS/Actor_22/03-01-01-01-01-02-22.wav
neutral,RAVDESS,data/RAVDESS/Actor_22/03-01-01-01-02-01-22.wav
neutral,RAVDESS,data/RAVDESS/Actor_22/03-01-01-01-02-02-22.wav
positive,RAVDESS,data/RAVDESS/Actor_22/03-01-02-01-01-01-22.wav
positive,RAVDESS,data/RAVDESS/Actor_22/03-01-02-01-01-02-22.wav
positive,RAVDESS,data/RAVDESS/Actor_22/03-01-02-01-02-01-22.wav
positive,RAVDESS,data/RAVDESS/Actor_22/03-01-02-01-02-02-22.wav
positive,RAVDESS,data/RAVDESS/Actor_22/03-01-02-02-01-01-22.wav
positive,RAVDESS,data/RAVDESS/Actor_22/03-01-02-02-01-02-22.wav
positive,RAVDESS,data/RAVDESS/Actor_22/03-01-02-02-02-01-22.wav
positive,RAVDESS,data/RAVDESS/Actor_22/03-01-02-02-02-02-22.wav
positive,RAVDESS,data/RAVDESS/Actor_22/03-01-03-01-01-01-22.wav
positive,RAVDESS,data/RAVDESS/Actor_22/03-01-03-01-01-02-22.wav
positive,RAVDESS,data/RAVDESS/Actor_22/03-01-03-01-02-01-22.wav
positive,RAVDESS,data/RAVDESS/Actor_22/03-01-03-01-02-02-22.wav
positive,RAVDESS,data/RAVDESS/Actor_22/03-01-03-02-01-01-22.wav
positive,RAVDESS,data/RAVDESS/Actor_22/03-01-03-02-01-02-22.wav
positive,RAVDESS,data/RAVDESS/Actor_22/03-01-03-02-02-01-22.wav
positive,RAVDESS,data/RAVDESS/Actor_22/03-01-03-02-02-02-22.wav
negative,RAVDESS,data/RAVDESS/Actor_22/03-01-04-01-01-01-22.wav
negative,RAVDESS,data/RAVDESS/Actor_22/03-01-04-01-01-02-22.wav
negative,RAVDESS,data/RAVDESS/Actor_22/03-01-04-01-02-01-22.wav
negative,RAVDESS,data/RAVDESS/Actor_22/03-01-04-01-02-02-22.wav
negative,RAVDESS,data/RAVDESS/Actor_22/03-01-04-02-01-01-22.wav
negative,RAVDESS,data/RAVDESS/Actor_22/03-01-04-02-01-02-22.wav
negative,RAVDESS,data/RAVDESS/Actor_22/03-01-04-02-02-01-22.wav
negative,RAVDESS,data/RAVDESS/Actor_22/03-01-04-02-02-02-22.wav
negative,RAVDESS,data/RAVDESS/Actor_22/03-01-05-01-01-01-22.wav
negative,RAVDESS,data/RAVDESS/Actor_22/03-01-05-01-01-02-22.wav
negative,RAVDESS,data/RAVDESS/Actor_22/03-01-05-01-02-01-22.wav
negative,RAVDESS,data/RAVDESS/Actor_22/03-01-05-01-02-02-22.wav
negative,RAVDESS,data/RAVDESS/Actor_22/03-01-05-02-01-01-22.wav
negative,RAVDESS,data/RAVDESS/Actor_22/03-01-05-02-01-02-22.wav
negative,RAVDESS,data/RAVDESS/Actor_22/03-01-05-02-02-01-22.wav
negative,RAVDESS,data/RAVDESS/Actor_22/03-01-05-02-02-02-22.wav
negative,RAVDESS,data/RAVDESS/Actor_22/03-01-06-01-01-01-22.wav
negative,RAVDESS,data/RAVDESS/Actor_22/03-01-06-01-01-02-22.wav
negative,RAVDESS,data/RAVDESS/Actor_22/03-01-06-01-02-01-22.wav
negative,RAVDESS,data/RAVDESS/Actor_22/03-01-06-01-02-02-22.wav
negative,RAVDESS,data/RAVDESS/Actor_22/03-01-06-02-01-01-22.wav
negative,RAVDESS,data/RAVDESS/Actor_22/03-01-06-02-01-02-22.wav
negative,RAVDESS,data/RAVDESS/Actor_22/03-01-06-02-02-01-22.wav
negative,RAVDESS,data/RAVDESS/Actor_22/03-01-06-02-02-02-22.wav
negative,RAVDESS,data/RAVDESS/Actor_22/03-01-07-01-01-01-22.wav
negative,RAVDESS,data/RAVDESS/Actor_22/03-01-07-01-01-02-22.wav
negative,RAVDESS,data/RAVDESS/Actor_22/03-01-07-01-02-01-22.wav
negative,RAVDESS,data/RAVDESS/Actor_22/03-01-07-01-02-02-22.wav
negative,RAVDESS,data/RAVDESS/Actor_22/03-01-07-02-01-01-22.wav
negative,RAVDESS,data/RAVDESS/Actor_22/03-01-07-02-01-02-22.wav
negative,RAVDESS,data/RAVDESS/Actor_22/03-01-07-02-02-01-22.wav
negative,RAVDESS,data/RAVDESS/Actor_22/03-01-07-02-02-02-22.wav
positive,RAVDESS,data/RAVDESS/Actor_22/03-01-08-01-01-01-22.wav
positive,RAVDESS,data/RAVDESS/Actor_22/03-01-08-01-01-02-22.wav
positive,RAVDESS,data/RAVDESS/Actor_22/03-01-08-01-02-01-22.wav
positive,RAVDESS,data/RAVDESS/Actor_22/03-01-08-01-02-02-22.wav
positive,RAVDESS,data/RAVDESS/Actor_22/03-01-08-02-01-01-22.wav
positive,RAVDESS,data/RAVDESS/Actor_22/03-01-08-02-01-02-22.wav
positive,RAVDESS,data/RAVDESS/Actor_22/03-01-08-02-02-01-22.wav
positive,RAVDESS,data/RAVDESS/Actor_22/03-01-08-02-02-02-22.wav
neutral,RAVDESS,data/RAVDESS/Actor_23/03-01-01-01-01-01-23.wav
neutral,RAVDESS,data/RAVDESS/Actor_23/03-01-01-01-01-02-23.wav
neutral,RAVDESS,data/RAVDESS/Actor_23/03-01-01-01-02-01-23.wav
neutral,RAVDESS,data/RAVDESS/Actor_23/03-01-01-01-02-02-23.wav
positive,RAVDESS,data/RAVDESS/Actor_23/03-01-02-01-01-01-23.wav
positive,RAVDESS,data/RAVDESS/Actor_23/03-01-02-01-01-02-23.wav
positive,RAVDESS,data/RAVDESS/Actor_23/03-01-02-01-02-01-23.wav
positive,RAVDESS,data/RAVDESS/Actor_23/03-01-02-01-02-02-23.wav
positive,RAVDESS,data/RAVDESS/Actor_23/03-01-02-02-01-01-23.wav
positive,RAVDESS,data/RAVDESS/Actor_23/03-01-02-02-01-02-23.wav
positive,RAVDESS,data/RAVDESS/Actor_23/03-01-02-02-02-01-23.wav
positive,RAVDESS,data/RAVDESS/Actor_23/03-01-02-02-02-02-23.wav
positive,RAVDESS,data/RAVDESS/Actor_23/03-01-03-01-01-01-23.wav
positive,RAVDESS,data/RAVDESS/Actor_23/03-01-03-01-01-02-23.wav
positive,RAVDESS,data/RAVDESS/Actor_23/03-01-03-01-02-01-23.wav
positive,RAVDESS,data/RAVDESS/Actor_23/03-01-03-01-02-02-23.wav
positive,RAVDESS,data/RAVDESS/Actor_23/03-01-03-02-01-01-23.wav
positive,RAVDESS,data/RAVDESS/Actor_23/03-01-03-02-01-02-23.wav
positive,RAVDESS,data/RAVDESS/Actor_23/03-01-03-02-02-01-23.wav
positive,RAVDESS,data/RAVDESS/Actor_23/03-01-03-02-02-02-23.wav
negative,RAVDESS,data/RAVDESS/Actor_23/03-01-04-01-01-01-23.wav
negative,RAVDESS,data/RAVDESS/Actor_23/03-01-04-01-01-02-23.wav
negative,RAVDESS,data/RAVDESS/Actor_23/03-01-04-01-02-01-23.wav
negative,RAVDESS,data/RAVDESS/Actor_23/03-01-04-01-02-02-23.wav
negative,RAVDESS,data/RAVDESS/Actor_23/03-01-04-02-01-01-23.wav
negative,RAVDESS,data/RAVDESS/Actor_23/03-01-04-02-01-02-23.wav
negative,RAVDESS,data/RAVDESS/Actor_23/03-01-04-02-02-01-23.wav
negative,RAVDESS,data/RAVDESS/Actor_23/03-01-04-02-02-02-23.wav
negative,RAVDESS,data/RAVDESS/Actor_23/03-01-05-01-01-01-23.wav
negative,RAVDESS,data/RAVDESS/Actor_23/03-01-05-01-01-02-23.wav
negative,RAVDESS,data/RAVDESS/Actor_23/03-01-05-01-02-01-23.wav
negative,RAVDESS,data/RAVDESS/Actor_23/03-01-05-01-02-02-23.wav
negative,RAVDESS,data/RAVDESS/Actor_23/03-01-05-02-01-01-23.wav
negative,RAVDESS,data/RAVDESS/Actor_23/03-01-05-02-01-02-23.wav
negative,RAVDESS,data/RAVDESS/Actor_23/03-01-05-02-02-01-23.wav
negative,RAVDESS,data/RAVDESS/Actor_23/03-01-05-02-02-02-23.wav
negative,RAVDESS,data/RAVDESS/Actor_23/03-01-06-01-01-01-23.wav
negative,RAVDESS,data/RAVDESS/Actor_23/03-01-06-01-01-02-23.wav
negative,RAVDESS,data/RAVDESS/Actor_23/03-01-06-01-02-01-23.wav
negative,RAVDESS,data/RAVDESS/Actor_23/03-01-06-01-02-02-23.wav
negative,RAVDESS,data/RAVDESS/Actor_23/03-01-06-02-01-01-23.wav
negative,RAVDESS,data/RAVDESS/Actor_23/03-01-06-02-01-02-23.wav
negative,RAVDESS,data/RAVDESS/Actor_23/03-01-06-02-02-01-23.wav
negative,RAVDESS,data/RAVDESS/Actor_23/03-01-06-02-02-02-23.wav
negative,RAVDESS,data/RAVDESS/Actor_23/03-01-07-01-01-01-23.wav
negative,RAVDESS,data/RAVDESS/Actor_23/03-01-07-01-01-02-23.wav
negative,RAVDESS,data/RAVDESS/Actor_23/03-01-07-01-02-01-23.wav
negative,RAVDESS,data/RAVDESS/Actor_23/03-01-07-01-02-02-23.wav
negative,RAVDESS,data/RAVDESS/Actor_23/03-01-07-02-01-01-23.wav
negative,RAVDESS,data/RAVDESS/Actor_23/03-01-07-02-01-02-23.wav
negative,RAVDESS,data/RAVDESS/Actor_23/03-01-07-02-02-01-23.wav
negative,RAVDESS,data/RAVDESS/Actor_23/03-01-07-02-02-02-23.wav
positive,RAVDESS,data/RAVDESS/Actor_23/03-01-08-01-01-01-23.wav
positive,RAVDESS,data/RAVDESS/Actor_23/03-01-08-01-01-02-23.wav
positive,RAVDESS,data/RAVDESS/Actor_23/03-01-08-01-02-01-23.wav
positive,RAVDESS,data/RAVDESS/Actor_23/03-01-08-01-02-02-23.wav
positive,RAVDESS,data/RAVDESS/Actor_23/03-01-08-02-01-01-23.wav
positive,RAVDESS,data/RAVDESS/Actor_23/03-01-08-02-01-02-23.wav
positive,RAVDESS,data/RAVDESS/Actor_23/03-01-08-02-02-01-23.wav
positive,RAVDESS,data/RAVDESS/Actor_23/03-01-08-02-02-02-23.wav
neutral,RAVDESS,data/RAVDESS/Actor_24/03-01-01-01-01-01-24.wav
neutral,RAVDESS,data/RAVDESS/Actor_24/03-01-01-01-01-02-24.wav
neutral,RAVDESS,data/RAVDESS/Actor_24/03-01-01-01-02-01-24.wav
neutral,RAVDESS,data/RAVDESS/Actor_24/03-01-01-01-02-02-24.wav
positive,RAVDESS,data/RAVDESS/Actor_24/03-01-02-01-01-01-24.wav
positive,RAVDESS,data/RAVDESS/Actor_24/03-01-02-01-01-02-24.wav
positive,RAVDESS,data/RAVDESS/Actor_24/03-01-02-01-02-01-24.wav
positive,RAVDESS,data/RAVDESS/Actor_24/03-01-02-01-02-02-24.wav
positive,RAVDESS,data/RAVDESS/Actor_24/03-01-02-02-01-01-24.wav
positive,RAVDESS,data/RAVDESS/Actor_24/03-01-02-02-01-02-24.wav
positive,RAVDESS,data/RAVDESS/Actor_24/03-01-02-02-02-01-24.wav
positive,RAVDESS,data/RAVDESS/Actor_24/03-01-02-02-02-02-24.wav
positive,RAVDESS,data/RAVDESS/Actor_24/03-01-03-01-01-01-24.wav
positive,RAVDESS,data/RAVDESS/Actor_24/03-01-03-01-01-02-24.wav
positive,RAVDESS,data/RAVDESS/Actor_24/03-01-03-01-02-01-24.wav
positive,RAVDESS,data/RAVDESS/Actor_24/03-01-03-01-02-02-24.wav
positive,RAVDESS,data/RAVDESS/Actor_24/03-01-03-02-01-01-24.wav
positive,RAVDESS,data/RAVDESS/Actor_24/03-01-03-02-01-02-24.wav
positive,RAVDESS,data/RAVDESS/Actor_24/03-01-03-02-02-01-24.wav
positive,RAVDESS,data/RAVDESS/Actor_24/03-01-03-02-02-02-24.wav
negative,RAVDESS,data/RAVDESS/Actor_24/03-01-04-01-01-01-24.wav
negative,RAVDESS,data/RAVDESS/Actor_24/03-01-04-01-01-02-24.wav
negative,RAVDESS,data/RAVDESS/Actor_24/03-01-04-01-02-01-24.wav
negative,RAVDESS,data/RAVDESS/Actor_24/03-01-04-01-02-02-24.wav
negative,RAVDESS,data/RAVDESS/Actor_24/03-01-04-02-01-01-24.wav
negative,RAVDESS,data/RAVDESS/Actor_24/03-01-04-02-01-02-24.wav
negative,RAVDESS,data/RAVDESS/Actor_24/03-01-04-02-02-01-24.wav
negative,RAVDESS,data/RAVDESS/Actor_24/03-01-04-02-02-02-24.wav
negative,RAVDESS,data/RAVDESS/Actor_24/03-01-05-01-01-01-24.wav
negative,RAVDESS,data/RAVDESS/Actor_24/03-01-05-01-01-02-24.wav
negative,RAVDESS,data/RAVDESS/Actor_24/03-01-05-01-02-01-24.wav
negative,RAVDESS,data/RAVDESS/Actor_24/03-01-05-01-02-02-24.wav
negative,RAVDESS,data/RAVDESS/Actor_24/03-01-05-02-01-01-24.wav
negative,RAVDESS,data/RAVDESS/Actor_24/03-01-05-02-01-02-24.wav
negative,RAVDESS,data/RAVDESS/Actor_24/03-01-05-02-02-01-24.wav
negative,RAVDESS,data/RAVDESS/Actor_24/03-01-05-02-02-02-24.wav
negative,RAVDESS,data/RAVDESS/Actor_24/03-01-06-01-01-01-24.wav
negative,RAVDESS,data/RAVDESS/Actor_24/03-01-06-01-01-02-24.wav
negative,RAVDESS,data/RAVDESS/Actor_24/03-01-06-01-02-01-24.wav
negative,RAVDESS,data/RAVDESS/Actor_24/03-01-06-01-02-02-24.wav
negative,RAVDESS,data/RAVDESS/Actor_24/03-01-06-02-01-01-24.wav
negative,RAVDESS,data/RAVDESS/Actor_24/03-01-06-02-01-02-24.wav
negative,RAVDESS,data/RAVDESS/Actor_24/03-01-06-02-02-01-24.wav
negative,RAVDESS,data/RAVDESS/Actor_24/03-01-06-02-02-02-24.wav
negative,RAVDESS,data/RAVDESS/Actor_24/03-01-07-01-01-01-24.wav
negative,RAVDESS,data/RAVDESS/Actor_24/03-01-07-01-01-02-24.wav
negative,RAVDESS,data/RAVDESS/Actor_24/03-01-07-01-02-01-24.wav
negative,RAVDESS,data/RAVDESS/Actor_24/03-01-07-01-02-02-24.wav
negative,RAVDESS,data/RAVDESS/Actor_24/03-01-07-02-01-01-24.wav
negative,RAVDESS,data/RAVDESS/Actor_24/03-01-07-02-01-02-24.wav
negative,RAVDESS,data/RAVDESS/Actor_24/03-01-07-02-02-01-24.wav
negative,RAVDESS,data/RAVDESS/Actor_24/03-01-07-02-02-02-24.wav
positive,RAVDESS,data/RAVDESS/Actor_24/03-01-08-01-01-01-24.wav
positive,RAVDESS,data/RAVDESS/Actor_24/03-01-08-01-01-02-24.wav
positive,RAVDESS,data/RAVDESS/Actor_24/03-01-08-01-02-01-24.wav
positive,RAVDESS,data/RAVDESS/Actor_24/03-01-08-01-02-02-24.wav
positive,RAVDESS,data/RAVDESS/Actor_24/03-01-08-02-01-01-24.wav
positive,RAVDESS,data/RAVDESS/Actor_24/03-01-08-02-01-02-24.wav
positive,RAVDESS,data/RAVDESS/Actor_24/03-01-08-02-02-01-24.wav
positive,RAVDESS,data/RAVDESS/Actor_24/03-01-08-02-02-02-24.wav
